Item_Identifier,Outlet_Identifier,Item_Outlet_Sales
FDW58,OUT049,1709.2078
FDW14,OUT017,1484.2245
NCN55,OUT010,562.63477
FDQ58,OUT017,2533.1562
FDY38,OUT027,5987.6494
FDH56,OUT046,2060.2222
FDL48,OUT018,638.41345
FDC48,OUT027,2296.1958
FDN33,OUT045,1480.4126
FDA36,OUT017,3047.1682
FDT44,OUT017,1929.7306
FDQ56,OUT045,1299.9707
NCC54,OUT019,589.18665
FDU11,OUT049,1891.6686
DRL59,OUT013,725.44653
FDM24,OUT049,2474.3162
FDI57,OUT045,3240.5059
DRC12,OUT018,2884.1062
NCM42,OUT027,3009.8684
FDA46,OUT010,441.2975
FDA31,OUT013,2938.3237
NCJ31,OUT035,3933.7468
FDG52,OUT046,810.94055
NCL19,OUT019,322.73547
FDS10,OUT035,3036.0776
FDX22,OUT010,512.54517
NCF19,OUT035,812.91174
NCE06,OUT046,2682.6152
DRC27,OUT046,3937.9033
FDE21,OUT035,1912.4517
NCR42,OUT019,80.686485
FDX51,OUT018,2898.8083
NCR06,OUT018,537.4911
FDU31,OUT027,5724.2744
FDU59,OUT017,2629.3154
FDR03,OUT027,5470.919
FDS49,OUT027,2232.96
FDD48,OUT010,322.4745
NCF18,OUT017,3213.272
NCD43,OUT027,2850.6636
NCD54,OUT018,2094.7454
FDY19,OUT010,313.8374
NCY54,OUT017,2827.0703
NCL19,OUT018,2099.1953
FDP23,OUT010,568.65906
FDC26,OUT013,1899.8191
FDR14,OUT010,64.670494
NCS41,OUT035,3060.574
FDF41,OUT035,4110.134
FDU34,OUT046,2094.2002
DRH11,OUT046,932.37524
FDM03,OUT013,1740.6357
FDS31,OUT017,2996.4707
FDJ20,OUT017,2029.8345
FDV44,OUT027,5100.122
FDG02,OUT049,3227.9468
FDA09,OUT013,2987.166
FDT04,OUT013,500.27582
FDL58,OUT019,748.8147
FDE52,OUT045,1365.9019
FDW12,OUT035,2371.1006
FDL51,OUT017,3596.9414
NCY42,OUT027,3847.0688
FDR07,OUT017,1557.1909
FDN40,OUT045,2324.2114
FDB35,OUT027,2418.408
FDA22,OUT017,2759.4644
NCL06,OUT046,4189.9756
FDI35,OUT013,2961.4404
NCW42,OUT045,3646.4563
NCX06,OUT049,3080.597
FDC37,OUT027,3025.4902
FDZ14,OUT018,1731.4675
DRG49,OUT049,4016.5435
NCG06,OUT045,4144.0674
DRC36,OUT045,2759.3818
FDV21,OUT019,217.16907
FDB53,OUT046,2472.7363
DRP47,OUT019,602.5104
FDA14,OUT013,2380.0793
DRC24,OUT035,2546.5715
FDW21,OUT018,1448.8516
NCH29,OUT046,1649.6144
FDU58,OUT013,3174.4226
FDY27,OUT017,2878.2979
FDV56,OUT035,1830.2932
FDT59,OUT046,3726.3032
FDB23,OUT046,3564.4177
FDR49,OUT045,685.4827
FDB03,OUT010,545.5071
FDN39,OUT045,2644.0498
FDX02,OUT027,5805.0547
FDQ16,OUT027,2984.6697
FDU35,OUT018,1397.4948
NCT29,OUT013,2049.9524
FDZ27,OUT046,798.254
FDN57,OUT017,2332.0444
FDA03,OUT018,2132.2952
FDZ36,OUT045,2950.143
NCU05,OUT013,1265.8542
FDT39,OUT018,2183.6926
FDK60,OUT017,1567.0034
FDZ25,OUT017,2797.158
FDG12,OUT046,2172.4414
DRB01,OUT019,499.72754
NCC43,OUT027,6110.8965
FDX13,OUT019,656.4979
FDM22,OUT049,882.5221
FDJ03,OUT027,1335.5842
FDU14,OUT018,3948.4614
FDB33,OUT010,419.9442
FDP27,OUT046,3099.313
FDO38,OUT010,218.24442
FDE28,OUT027,5931.911
FDO27,OUT035,1620.3247
DRL23,OUT027,2963.6248
FDS28,OUT046,934.6532
FDX24,OUT013,1556.0237
FDZ02,OUT035,1621.7919
FDL46,OUT045,1788.1858
FDS60,OUT027,4901.8647
NCO06,OUT017,496.10107
FDO16,OUT035,1447.979
FDC60,OUT049,1323.1929
FDA48,OUT018,3370.9053
FDZ36,OUT027,5110.546
FDK27,OUT045,1838.2944
FDW23,OUT018,546.3296
FDM14,OUT018,1525.0437
FDM14,OUT013,1851.0944
FDW60,OUT018,2564.2239
FDE21,OUT013,1982.3241
NCM42,OUT035,1805.8315
FDY59,OUT010,270.7793
DRI49,OUT049,1215.3174
FDT28,OUT019,319.44537
FDQ22,OUT018,545.8488
FDR60,OUT049,1136.3436
FDC50,OUT019,143.3222
FDV24,OUT013,2656.7778
DRF48,OUT010,457.32593
FDQ47,OUT046,642.8264
DRN36,OUT049,1528.1833
NCY06,OUT035,2143.274
FDE52,OUT035,1522.7554
NCB54,OUT045,1929.8467
NCF31,OUT035,2517.744
FDJ08,OUT027,5102.45
NCC07,OUT017,1722.3625
NCD19,OUT027,1486.4473
FDL46,OUT049,1929.4913
FDM20,OUT045,4040.8325
NCI06,OUT010,431.83728
DRM11,OUT035,4268.977
NCH07,OUT018,2309.0864
FDS23,OUT013,2333.4539
FDO49,OUT018,649.819
FDS35,OUT049,956.75287
DRK39,OUT045,1247.3733
DRI39,OUT049,882.00885
FDV04,OUT017,2590.0703
NCN14,OUT035,3069.422
FDH08,OUT013,3840.9858
FDS20,OUT046,3019.8267
FDV40,OUT049,1156.0406
FDZ48,OUT010,299.726
FDS24,OUT027,2446.999
FDK44,OUT049,2949.9092
FDS48,OUT045,2341.026
FDK26,OUT010,469.90247
FDD23,OUT045,3019.9443
NCH54,OUT017,2640.7134
NCP14,OUT010,248.4643
FDM60,OUT010,39.379284
FDV24,OUT017,2407.6533
FDH08,OUT018,3497.961
FDS12,OUT027,3485.3862
FDR39,OUT027,4840.0845
FDP12,OUT027,1018.63574
DRF60,OUT027,5867.786
FDC09,OUT035,1719.0696
FDF50,OUT018,2955.4287
FDG28,OUT035,4094.4563
NCE19,OUT017,890.71954
NCM53,OUT010,310.23328
NCN18,OUT049,1709.8748
FDF32,OUT035,3369.1658
FDF11,OUT013,3952.6167
DRI59,OUT049,3833.2705
NCG54,OUT035,2802.3577
FDM44,OUT046,1787.4094
FDT57,OUT018,3681.0137
FDV24,OUT046,2644.6973
FDI50,OUT019,611.1073
FDS09,OUT035,883.7062
NCC31,OUT027,4193.937
FDQ07,OUT019,533.5957
FDC22,OUT017,3154.6973
FDZ56,OUT046,2766.879
FDZ40,OUT019,128.55377
FDS46,OUT027,3188.5894
DRD24,OUT045,2163.6577
FDV45,OUT017,3150.9282
FDL26,OUT045,2444.4277
FDA56,OUT018,1712.3948
FDN27,OUT046,2051.0288
FDM20,OUT049,4092.843
FDO16,OUT017,1357.0958
FDL03,OUT035,3328.249
FDE58,OUT046,1990.7048
FDI02,OUT027,3073.6873
NCC55,OUT019,66.268425
FDR03,OUT018,3137.2158
FDB14,OUT017,1515.5459
FDR45,OUT013,3912.9175
NCN07,OUT017,2150.1218
FDM51,OUT019,256.09406
FDT52,OUT027,6177.9897
FDL26,OUT046,2558.9326
NCZ42,OUT046,3859.022
DRI47,OUT019,321.203
FDW40,OUT013,2382.9268
FDN34,OUT046,2767.3887
FDS01,OUT035,2971.502
NCG55,OUT045,1770.3667
FDC11,OUT035,1443.8662
FDX35,OUT018,3454.2063
NCB06,OUT046,2620.644
FDR09,OUT019,701.0891
FDC53,OUT017,1549.2864
FDY45,OUT013,4134.3354
FDA22,OUT010,386.84692
FDE02,OUT035,1583.013
FDW21,OUT045,1530.7267
FDV34,OUT046,1245.7007
FDS59,OUT049,1730.0854
NCW17,OUT017,2110.4019
NCK54,OUT046,2033.5278
FDG17,OUT019,679.64905
FDG35,OUT017,2913.9812
FDD08,OUT010,37.61967
NCO07,OUT017,3491.1865
FDJ10,OUT010,366.0298
FDW36,OUT017,1653.7583
FDW21,OUT010,309.18457
FDY19,OUT017,1938.1995
DRE03,OUT013,667.22687
NCC55,OUT049,669.3042
FDH52,OUT010,145.64334
FDO09,OUT017,4271.7485
FDU43,OUT045,3941.7046
FDX09,OUT010,410.95215
FDH40,OUT019,189.00995
FDW58,OUT017,1697.6985
FDC47,OUT017,3729.7617
NCR41,OUT035,1536.5938
DRG49,OUT035,4032.75
FDC52,OUT027,4172.3477
FDY13,OUT046,1277.2177
FDY35,OUT013,599.2085
FDI35,OUT017,2997.8706
NCU18,OUT049,2323.3486
FDY33,OUT018,2352.6396
FDC15,OUT027,4236.711
FDU01,OUT049,3244.3044
NCU42,OUT046,2793.6694
NCV29,OUT018,2599.3643
NCY30,OUT017,3057.7993
FDQ46,OUT049,1709.7715
FDG58,OUT027,4098.6807
FDK33,OUT017,3540.3406
NCD07,OUT045,1758.333
NCX29,OUT027,3900.1582
NCT42,OUT013,2539.162
DRN59,OUT035,780.359
FDI44,OUT035,1325.5062
FDA45,OUT049,3008.732
FDP31,OUT045,980.506
FDY01,OUT046,2021.5721
FDT09,OUT018,1923.2324
DRH03,OUT027,2663.3772
FDA36,OUT018,2715.9233
NCF31,OUT017,2509.7307
FDG14,OUT049,2486.888
FDG28,OUT027,6184.044
FDU14,OUT049,4098.978
FDY47,OUT019,293.35675
FDI56,OUT049,1351.705
DRD01,OUT013,842.87726
FDM22,OUT046,961.6973
FDH33,OUT013,594.9505
DRZ24,OUT013,1965.1821
NCQ38,OUT046,1832.8344
FDO16,OUT027,2355.9438
FDU07,OUT027,4058.859
NCB07,OUT013,3157.7842
FDU48,OUT045,2018.103
NCM43,OUT045,2596.3372
FDR31,OUT010,363.94476
DRK49,OUT018,538.95856
NCI30,OUT010,586.3059
DRD60,OUT017,2997.2256
NCG19,OUT046,3680.3652
FDH12,OUT035,1721.0762
FDM32,OUT035,1506.5673
FDM27,OUT035,2616.726
NCU53,OUT027,4507.042
NCQ18,OUT046,1706.9668
FDS10,OUT013,2901.4631
FDB33,OUT027,4296.8037
FDI12,OUT013,1379.0925
NCW42,OUT013,3600.4963
NCC06,OUT018,1837.6025
FDW02,OUT017,2042.3625
NCD43,OUT017,1660.9966
FDM57,OUT018,1187.3877
FDA58,OUT017,3877.7764
FDK56,OUT046,3034.314
FDP52,OUT045,3829.3264
FDW20,OUT018,1738.7275
FDS52,OUT049,1534.749
NCT29,OUT018,1676.551
NCL54,OUT013,2916.1572
FDC05,OUT045,3222.0132
FDF34,OUT035,3305.7632
FDP03,OUT027,3363.9246
FDD32,OUT010,314.12866
FDZ10,OUT045,1954.9254
FDZ40,OUT035,948.7715
FDD51,OUT018,547.47375
NCY30,OUT019,435.02808
FDP58,OUT017,3573.3362
FDV49,OUT017,4312.6934
FDY24,OUT019,103.08608
NCO55,OUT017,1712.5767
FDR13,OUT017,1896.9128
FDS51,OUT017,1022.57935
FDP26,OUT045,1583.5476
NCB54,OUT027,3519.918
FDF32,OUT017,3287.4028
FDN31,OUT018,2790.8071
DRM48,OUT017,535.7411
FDN20,OUT049,2893.4524
DRL01,OUT046,3691.6704
FDV56,OUT049,1693.4846
DRH13,OUT027,2921.8928
FDA03,OUT017,2426.6929
FDF47,OUT027,5628.867
FDX32,OUT046,2469.3389
FDX57,OUT049,1511.5833
NCA30,OUT045,3071.8748
FDO49,OUT013,665.76965
FDL04,OUT019,196.91418
DRM48,OUT035,596.8739
FDR16,OUT013,3571.6433
NCC19,OUT018,2823.4146
NCE42,OUT045,3840.5974
FDY24,OUT017,891.0928
FDH19,OUT049,2996.445
FDJ46,OUT013,2863.5479
FDN45,OUT010,522.13745
FDY08,OUT035,2341.2598
FDZ37,OUT035,1489.6111
NCT30,OUT045,675.3076
DRY23,OUT018,538.4238
NCZ30,OUT018,1708.4285
FDC44,OUT018,1594.8467
FDB45,OUT035,1744.7059
FDY04,OUT013,2720.9412
FDM27,OUT046,2706.671
FDZ43,OUT017,3984.765
FDT39,OUT019,365.3205
NCC06,OUT019,261.85046
FDL15,OUT027,4145.1484
FDL57,OUT017,4181.8203
FDU08,OUT046,1719.6628
FDK40,OUT017,4302.3916
FDQ12,OUT010,552.65283
FDS48,OUT017,2466.5525
FDP09,OUT045,3475.2605
FDW21,OUT049,1505.7871
FDY25,OUT035,3023.2646
DRE13,OUT017,1414.2052
FDV43,OUT019,88.42774
FDD22,OUT045,1703.2864
FDM46,OUT019,157.25482
NCO30,OUT010,480.9662
FDM25,OUT046,2921.7107
NCN41,OUT049,1986.1885
FDU24,OUT045,1425.2366
FDZ50,OUT046,3038.3188
FDP45,OUT013,4113.4614
NCM54,OUT045,1930.5952
FDW10,OUT019,401.0171
FDP20,OUT017,2114.1409
FDK32,OUT046,2537.5684
FDN52,OUT049,1324.1328
FDM58,OUT045,1704.4473
FDZ46,OUT027,2988.7588
NCA18,OUT018,1645.2589
FDD35,OUT046,2046.0149
NCK31,OUT035,845.9803
FDI40,OUT027,2744.3516
FDT50,OUT019,203.99316
NCT06,OUT046,2684.366
FDT31,OUT035,3178.1714
FDT45,OUT049,878.6493
FDT13,OUT045,3013.9182
FDO50,OUT045,1347.1951
NCU18,OUT010,360.40607
NCR54,OUT049,3332.3684
NCO18,OUT018,2619.5308
FDU09,OUT045,864.2445
FDT13,OUT018,2782.001
FDE09,OUT046,1968.1602
NCK53,OUT019,225.06342
FDG45,OUT049,3704.1362
DRH15,OUT035,767.9781
FDO21,OUT019,642.86743
FDD14,OUT027,4961.673
FDC09,OUT046,1840.4155
FDH45,OUT027,1159.1393
FDV32,OUT046,1072.9381
FDG12,OUT035,1971.3201
FDS32,OUT013,2348.9106
NCL55,OUT018,3938.2812
DRE01,OUT035,3999.978
DRE15,OUT049,1162.907
NCL42,OUT045,4005.439
FDP31,OUT013,983.926
FDN33,OUT018,1365.1113
FDZ59,OUT046,2833.0063
FDE45,OUT010,429.54834
FDJ07,OUT013,2030.0209
FDQ45,OUT018,2734.1665
FDM33,OUT027,5602.907
FDO15,OUT010,286.09055
FDM46,OUT013,1466.7809
FDR03,OUT045,3367.8289
FDY49,OUT018,2452.754
FDQ60,OUT045,1808.7554
FDW10,OUT049,3017.7795
FDO51,OUT049,736.1036
FDJ40,OUT018,1540.6968
FDS20,OUT018,2646.0205
FDU45,OUT013,1862.0891
FDV02,OUT035,2825.1838
FDN09,OUT046,3854.3145
NCM55,OUT027,4999.6367
FDN23,OUT018,2074.665
FDY31,OUT010,350.20807
FDW03,OUT010,325.14124
FDD14,OUT046,2951.2693
FDV23,OUT017,2041.3906
DRI03,OUT045,2749.895
FDN13,OUT035,1639.4902
FDF45,OUT027,1661.1599
FDU46,OUT035,1491.7412
FDB57,OUT049,3730.6802
FDV12,OUT049,1570.9902
FDQ58,OUT013,2537.6062
NCA18,OUT017,1866.9504
FDH52,OUT049,925.34265
FDM24,OUT018,2155.9568
NCP43,OUT027,4871.7383
NCO18,OUT019,424.0995
FDM32,OUT017,1454.9247
NCL07,OUT017,573.29694
FDK03,OUT013,4185.881
FDP59,OUT017,1669.2832
FDQ24,OUT049,4190.0996
FDQ16,OUT018,1509.7504
FDU44,OUT013,2712.2427
FDH28,OUT010,45.753002
FDV28,OUT019,58.475933
FDM22,OUT045,799.8642
FDR56,OUT046,3184.788
FDV39,OUT049,3353.1978
FDU37,OUT019,171.27722
FDQ11,OUT010,937.15076
FDX02,OUT045,3685.4236
NCS42,OUT018,1310.0083
FDY57,OUT027,2526.6091
FDB21,OUT049,4039.7627
FDE28,OUT017,3804.2788
FDQ55,OUT017,1848.8876
FDA48,OUT049,3813.3435
FDZ19,OUT045,2725.5208
NCC43,OUT045,4121.5317
NCV18,OUT046,1344.352
NCA42,OUT018,2287.1274
FDY45,OUT046,4051.9744
NCC30,OUT045,2861.2202
FDM57,OUT013,1346.1831
FDL09,OUT010,421.1693
FDB09,OUT027,3416.3408
FDT44,OUT035,1985.469
NCT06,OUT027,4439.9824
FDX26,OUT049,3140.485
FDK32,OUT013,2625.9739
DRA12,OUT046,2362.9932
FDO46,OUT010,479.6897
FDE52,OUT013,1399.2332
NCH42,OUT045,3763.0874
FDV08,OUT035,718.7494
FDB47,OUT018,3168.4614
FDC28,OUT010,276.69232
FDD22,OUT046,1903.2178
FDS07,OUT027,3144.4565
DRI13,OUT045,3546.7622
FDG32,OUT018,3466.9673
FDU14,OUT017,4104.7656
FDD28,OUT019,132.1658
NCP41,OUT017,1776.0251
FDS08,OUT049,2905.4731
FDX47,OUT045,2435.81
FDC53,OUT019,234.35577
FDQ19,OUT035,4054.8943
FDL14,OUT045,2394.8145
FDM33,OUT019,537.07275
FDA51,OUT045,1742.0186
FDZ27,OUT018,632.449
FDT04,OUT046,728.10657
DRC13,OUT049,1946.1095
FDR16,OUT027,5632.9077
FDQ03,OUT027,5948.034
FDE38,OUT035,2745.2654
DRH23,OUT027,1517.1372
FDT11,OUT019,444.5271
FDD09,OUT035,3000.787
FDR40,OUT045,1253.5668
FDX07,OUT017,3078.5835
FDR07,OUT035,1605.1729
FDA51,OUT017,1834.977
FDT59,OUT019,603.3395
FDF20,OUT017,3237.99
FDR13,OUT045,1757.7334
FDY26,OUT049,3601.566
FDW04,OUT017,2126.7864
FDK52,OUT017,3751.858
FDN60,OUT049,2639.4517
FDM09,OUT019,396.4176
FDP46,OUT049,1344.5797
FDB50,OUT019,125.921135
NCQ29,OUT049,4234.832
FDP16,OUT027,6159.873
FDX33,OUT018,2372.2295
FDP07,OUT010,482.06104
FDN22,OUT046,3952.872
FDF39,OUT049,4330.8457
FDS21,OUT017,1018.5145
NCM42,OUT013,1808.5161
FDK50,OUT019,373.8297
DRF13,OUT027,3947.892
FDH35,OUT018,2435.2048
FDP60,OUT018,1372.4889
DRJ49,OUT027,3515.1914
NCT42,OUT019,327.66235
FDE38,OUT049,2781.107
FDI04,OUT049,3404.7341
NCH54,OUT045,2458.5347
FDT56,OUT049,917.34424
DRD15,OUT018,3584.3406
FDV58,OUT013,3128.263
FDP21,OUT049,3132.7231
FDH05,OUT013,3846.0903
FDR10,OUT027,4348.7334
NCP06,OUT045,2323.8865
FDF33,OUT049,1628.0352
DRK37,OUT013,3149.3743
DRH49,OUT045,1209.7888
FDT58,OUT013,2776.1875
FDD41,OUT018,1497.8126
FDP40,OUT018,1577.4834
FDM51,OUT027,2783.5068
FDO45,OUT010,262.58218
FDW33,OUT010,258.75977
FDY24,OUT045,856.5095
FDB10,OUT010,548.2776
FDM40,OUT035,2346.1604
NCI06,OUT017,2966.3086
FDW12,OUT019,336.10583
FDX48,OUT027,4260.6133
NCW05,OUT027,2891.315
FDX27,OUT017,1553.4011
DRM37,OUT045,3208.9668
FDA38,OUT045,3970.033
FDR36,OUT046,694.2245
FDZ45,OUT046,3160.0693
FDG05,OUT017,2612.8838
FDK28,OUT013,4277.3174
FDV47,OUT045,1251.2294
FDN21,OUT045,2518.7515
FDP20,OUT027,3467.4539
FDI35,OUT045,2898.1345
DRY23,OUT013,647.38214
FDA56,OUT017,1990.0474
FDB09,OUT013,2051.1309
NCO26,OUT027,3187.239
FDQ49,OUT018,2310.4707
FDI52,OUT027,3338.627
FDZ44,OUT027,3232.6033
FDZ09,OUT018,2439.7075
FDY03,OUT049,1790.1362
NCG42,OUT017,2134.0022
DRI13,OUT027,5616.9727
FDQ32,OUT013,2111.832
FDW16,OUT035,1515.867
FDU27,OUT046,841.5161
FDR28,OUT010,431.37646
FDQ49,OUT010,451.42908
FDS37,OUT046,2040.6091
FDW26,OUT018,3388.2998
FDX12,OUT018,3808.3865
NCP06,OUT013,2451.7173
FDW45,OUT010,390.6939
NCN30,OUT049,1468.2266
FDN24,OUT049,815.29663
NCL41,OUT027,930.6698
FDR02,OUT019,245.85132
FDD09,OUT010,446.1256
FDS33,OUT010,241.75406
FDU22,OUT045,1827.8904
FDI53,OUT013,2756.5
DRH01,OUT049,2957.9983
FDX32,OUT013,2400.5125
NCP30,OUT018,560.4351
FDB60,OUT045,3142.219
FDB14,OUT049,1469.8145
NCP02,OUT035,1014.9276
FDJ10,OUT017,2300.9204
FDG34,OUT046,1907.4441
NCB18,OUT017,1436.7737
FDM16,OUT049,1101.5042
FDW25,OUT018,1180.6101
FDB35,OUT010,265.926
DRN11,OUT013,2409.5405
FDF41,OUT019,590.39197
FDH16,OUT045,1319.3888
NCQ50,OUT018,3265.249
DRH23,OUT018,738.995
DRJ37,OUT013,2513.9204
DRJ24,OUT027,4901.0347
FDY16,OUT035,3101.9238
FDQ27,OUT045,1598.4816
FDZ33,OUT045,2288.3508
FDF29,OUT045,2022.8785
FDA08,OUT049,2726.537
FDG31,OUT046,1102.1483
FDE34,OUT019,516.00134
NCR30,OUT027,2021.679
FDV33,OUT035,4261.2666
DRZ24,OUT018,1691.9971
NCL54,OUT035,2877.9165
FDR12,OUT049,2940.0623
NCC54,OUT046,3828.7422
DRN59,OUT013,630.89923
FDX50,OUT019,223.58557
FDV31,OUT027,4805.3843
NCA29,OUT027,4670.284
FDW60,OUT049,3001.8804
FDX08,OUT017,3005.5483
DRD49,OUT013,3844.7134
FDD33,OUT046,3716.1191
FDW35,OUT013,502.47067
FDJ36,OUT017,1653.2454
FDV51,OUT035,2763.3108
FDW36,OUT046,1884.3589
FDH35,OUT046,2656.532
NCS30,OUT027,3536.6802
FDN49,OUT017,599.67957
FDL08,OUT018,3835.9531
FDI09,OUT013,3860.3472
FDP19,OUT018,1842.2368
FDU21,OUT010,35.45962
NCP41,OUT045,1628.0703
FDY10,OUT013,1835.4434
FDP12,OUT018,509.8708
NCN26,OUT049,1811.5231
FDK44,OUT013,2828.7126
FDC28,OUT049,1666.4081
FDJ41,OUT027,6399.0005
NCT29,OUT035,2054.1396
NCH42,OUT019,592.9813
FDU60,OUT018,2474.8188
FDS02,OUT045,3111.2954
FDC51,OUT046,2201.62
FDU03,OUT013,2995.7239
FDX39,OUT045,3472.0437
NCY05,OUT010,42.468487
NCL06,OUT027,6245.9707
FDD32,OUT035,1351.0161
NCN41,OUT045,1872.9749
NCX53,OUT049,2376.082
FDU57,OUT019,332.42108
FDQ23,OUT046,1807.8632
FDQ52,OUT045,4049.2861
FDC14,OUT045,577.39343
FDY09,OUT035,2949.7368
FDQ28,OUT045,2452.6409
FDV25,OUT046,3621.6802
FDJ07,OUT035,1923.5234
DRB25,OUT049,1636.3756
FDK52,OUT019,535.5383
FDY52,OUT027,1771.8125
FDB28,OUT046,3273.8574
FDT36,OUT035,608.4096
FDV25,OUT017,3654.668
NCN07,OUT027,3535.7134
FDC57,OUT017,3259.002
FDQ03,OUT018,3704.852
FDU23,OUT017,2721.2603
NCX41,OUT035,3589.3599
NCD06,OUT035,788.44183
FDW08,OUT045,1604.7015
NCU29,OUT017,2337.5525
NCE06,OUT013,2711.628
FDV52,OUT010,325.0141
FDB02,OUT017,2895.9836
NCR18,OUT045,632.20386
FDK16,OUT049,1437.2334
NCQ29,OUT010,596.4828
FDZ01,OUT019,259.95312
FDW27,OUT035,2614.145
FDD17,OUT018,3665.1719
FDW39,OUT013,2992.7207
DRH59,OUT045,1104.6942
FDS52,OUT013,1739.7354
FDU40,OUT027,5290.7505
NCF54,OUT013,2836.5137
FDH46,OUT045,1564.7417
NCP14,OUT049,1572.5637
FDH50,OUT049,3188.1062
DRF15,OUT010,402.18884
FDV27,OUT027,2393.711
NCJ06,OUT049,1959.1583
FDN02,OUT018,3124.3462
FDQ51,OUT049,811.51624
FDQ07,OUT017,3705.4897
FDS45,OUT049,1636.5168
NCJ06,OUT045,1853.2695
FDD36,OUT035,1940.4854
FDY25,OUT045,2913.3599
FDU52,OUT046,2608.1484
DRK47,OUT017,3710.357
NCL30,OUT017,2118.8096
FDN22,OUT035,4125.9023
NCF30,OUT027,3396.445
FDK03,OUT035,4266.906
FDT45,OUT017,888.85583
NCC54,OUT027,5985.0176
FDP08,OUT018,2974.1626
FDU44,OUT046,2718.412
DRG39,OUT035,912.8637
FDU32,OUT049,1916.3131
FDY27,OUT049,3011.745
NCP54,OUT013,2046.2915
NCZ41,OUT049,2074.306
DRL49,OUT013,2363.5728
FDI05,OUT018,1091.4136
FDY56,OUT045,3752.4387
DRC13,OUT013,2116.623
NCV29,OUT017,2945.9229
FDR24,OUT049,1388.5763
FDZ34,OUT018,2816.7751
FDP37,OUT035,2105.287
FDX08,OUT027,4912.312
FDS57,OUT045,2185.4507
NCG18,OUT049,1595.2916
FDK25,OUT018,2480.0708
FDH53,OUT049,1274.3839
DRI59,OUT018,3404.3418
FDA52,OUT046,2901.8516
FDT20,OUT010,40.562664
FDE36,OUT019,384.20923
FDI24,OUT017,2834.855
FDB28,OUT018,2947.71
FDV11,OUT017,2897.6382
FDP01,OUT046,2587.7944
FDD34,OUT027,4350.251
FDJ50,OUT027,1462.93
FDZ44,OUT013,2046.658
DRO59,OUT035,1293.9575
DRB48,OUT045,639.0248
FDR21,OUT018,2621.854
NCE42,OUT010,589.78955
FDO23,OUT046,1662.3538
NCE30,OUT018,3246.555
FDQ22,OUT035,596.1672
FDY01,OUT045,1780.2137
FDS08,OUT017,2877.037
FDG28,OUT018,3854.5237
FDQ51,OUT018,620.2777
FDB05,OUT017,4050.4375
FDO56,OUT049,1823.2021
FDE02,OUT018,1279.9415
FDN45,OUT017,3662.8423
FDS09,OUT013,716.6492
NCA54,OUT018,2689.09
FDP09,OUT010,535.0454
FDC53,OUT045,1479.217
NCM55,OUT017,3097.1626
FDL09,OUT018,2551.2407
FDA11,OUT019,201.33575
FDA50,OUT045,1412.1257
FDC23,OUT017,2979.1218
FDE22,OUT049,2610.6409
FDD23,OUT046,3027.7046
NCA29,OUT049,2892.1892
FDK38,OUT046,2554.862
DRC13,OUT046,2060.0286
NCP43,OUT049,3052.539
FDX28,OUT049,1495.9836
FDF08,OUT049,1388.8733
FDZ33,OUT046,2457.4878
FDD10,OUT049,3052.778
FDO58,OUT017,2707.7292
FDI50,OUT017,3808.5627
FDO58,OUT045,2624.0798
FDX08,OUT013,3008.7393
NCK17,OUT010,45.319622
FDF39,OUT035,4350.5347
FDU45,OUT010,356.16913
NCJ18,OUT018,1664.5339
DRC27,OUT019,638.7825
DRC25,OUT035,1455.4744
FDU59,OUT035,2609.8083
FDU28,OUT035,3223.0767
NCP30,OUT046,773.7609
FDB39,OUT018,712.59796
FDE41,OUT013,1391.9604
DRH11,OUT010,67.59411
FDA58,OUT045,3843.645
FDU50,OUT046,1999.6676
FDM34,OUT013,2101.4727
FDM44,OUT027,2839.2524
FDR39,OUT045,2966.4033
FDM25,OUT045,2793.4048
FDQ49,OUT049,2673.385
DRH25,OUT018,680.16437
FDM09,OUT027,4550.1167
FDL44,OUT019,371.5902
NCR42,OUT018,456.13846
DRL59,OUT046,929.6029
FDX43,OUT013,2847.3638
DRK47,OUT010,529.3822
FDU48,OUT018,1885.0594
FDY12,OUT045,774.67114
NCN43,OUT018,1714.1
NCM55,OUT018,2737.0088
FDQ21,OUT027,3346.2966
FDX13,OUT035,4170.423
NCK30,OUT027,6141.7896
FDG20,OUT049,2963.055
DRG27,OUT017,616.7261
FDY14,OUT018,4169.5957
FDP59,OUT035,1728.1383
FDU60,OUT017,2821.0059
NCC18,OUT019,319.2472
DRJ39,OUT017,3620.995
FDS07,OUT049,1760.8259
FDM08,OUT027,5794.8887
FDP51,OUT045,1859.5599
FDU16,OUT035,1376.2471
FDH12,OUT013,1830.5334
DRE48,OUT010,472.2146
NCL42,OUT027,6075.12
FDR21,OUT045,2846.1997
NCW29,OUT035,2182.6958
FDO11,OUT013,4195.127
NCM31,OUT049,2237.0288
FDV35,OUT019,307.30847
FDF58,OUT017,1013.85236
NCE43,OUT049,2819.2268
FDA02,OUT035,2400.0513
DRL37,OUT010,58.057537
FDR24,OUT018,1282.0835
FDW59,OUT049,1259.2351
FDS22,OUT049,812.5748
FDW24,OUT017,790.32654
FDU24,OUT035,1594.9177
FDA21,OUT027,4992.283
FDH58,OUT027,3165.9172
FDW36,OUT018,1446.5038
FDI45,OUT027,4698.7373
FDU01,OUT018,2797.1484
FDF35,OUT027,2889.9531
FDU43,OUT019,634.7428
FDE24,OUT019,293.55334
FDK50,OUT049,2705.7925
FDG31,OUT045,947.9441
FDC60,OUT045,1384.2832
FDL36,OUT013,1457.1085
FDP21,OUT013,3183.6846
FDW16,OUT045,1352.114
FDX02,OUT017,3714.5762
FDQ58,OUT027,4151.3984
FDT51,OUT046,1939.4316
FDD59,OUT049,1184.8257
NCM42,OUT018,1539.321
FDA57,OUT018,566.6597
FDZ48,OUT035,1860.5563
FDE46,OUT045,2366.5376
NCZ30,OUT019,271.28363
FDB56,OUT017,3102.7246
FDA25,OUT027,2889.302
FDD20,OUT013,2123.1284
FDL25,OUT013,1511.3358
NCO18,OUT049,2993.5198
FDJ45,OUT017,521.34143
FDR12,OUT035,2845.3506
NCF19,OUT010,64.744606
FDK25,OUT046,2789.243
NCR17,OUT046,1985.5798
FDC52,OUT046,2583.5696
NCA54,OUT017,3006.5923
FDR45,OUT010,573.72034
NCM19,OUT049,1761.3983
FDF39,OUT027,6453.2666
FDX23,OUT049,1455.3495
FDD58,OUT027,2700.9873
FDX28,OUT013,1689.8723
NCD31,OUT013,2705.4321
FDU57,OUT018,2201.5635
FDI27,OUT046,765.2116
NCM42,OUT046,1858.4272
FDD32,OUT027,2251.711
FDI34,OUT013,3777.3828
NCM29,OUT049,2082.6897
FDG46,OUT018,1617.1025
DRC01,OUT010,59.513027
FDB15,OUT027,6319.372
NCA17,OUT027,4075.167
FDF10,OUT046,2451.4038
FDR26,OUT027,4860.8154
FDI02,OUT049,1772.0508
NCM54,OUT010,344.69025
FDF14,OUT013,2611.4727
FDJ33,OUT010,310.65515
FDM20,OUT035,4083.4404
FDC03,OUT027,5287.42
NCX05,OUT046,2014.5769
NCM41,OUT027,2546.7603
NCU29,OUT010,364.94348
FDQ59,OUT017,1379.8088
FDH46,OUT010,279.93726
FDH09,OUT013,721.22076
NCD06,OUT045,666.4618
FDC15,OUT035,2592.0945
DRD37,OUT027,1231.2172
FDT28,OUT027,4078.0693
FDR28,OUT027,4454.211
FDT38,OUT017,1406.2958
FDV34,OUT027,2044.2749
FDY52,OUT035,1103.1061
FDB34,OUT013,1312.8408
DRL23,OUT018,1456.9202
DRB24,OUT046,2533.717
FDJ50,OUT046,897.16235
FDQ49,OUT035,2582.66
FDP20,OUT035,2079.75
FDV19,OUT027,4323.4385
NCR54,OUT045,3183.357
FDO09,OUT010,616.6968
FDS57,OUT018,2087.523
FDN10,OUT049,1826.9548
FDV23,OUT049,1996.3628
FDY28,OUT049,3691.506
DRG51,OUT013,2726.3032
FDD45,OUT019,172.32086
NCL18,OUT027,5133.947
NCM29,OUT013,2208.998
FDF17,OUT027,5314.965
FDE22,OUT017,2650.4739
FDQ22,OUT017,565.16864
FDS01,OUT013,3009.6907
FDW35,OUT027,1192.7163
FDJ33,OUT046,2092.6296
NCF54,OUT035,2869.2563
FDE09,OUT013,1888.3738
NCE06,OUT045,2479.9192
DRH49,OUT049,1262.6711
FDY43,OUT045,2697.4983
NCT05,OUT017,4155.653
FDZ34,OUT045,3045.13
FDL38,OUT017,1484.3313
FDZ31,OUT017,3179.2656
FDR14,OUT035,967.5828
NCN54,OUT049,1231.7288
NCC42,OUT027,3797.2842
FDK08,OUT017,1614.4421
FDP59,OUT013,1771.2213
FDV22,OUT035,2628.4182
FDD33,OUT035,3909.919
DRE60,OUT027,5654.205
FDK52,OUT046,3619.386
FDA02,OUT017,2461.3887
FDM56,OUT049,1721.6444
FDE57,OUT035,2307.6333
FDM32,OUT045,1300.3491
NCQ30,OUT027,3320.466
FDQ27,OUT027,2878.282
FDT60,OUT027,3455.2297
FDU43,OUT049,3947.3345
NCO55,OUT035,1763.9541
FDG02,OUT045,3038.566
FDJ28,OUT013,3172.6914
FDP40,OUT045,1697.0774
FDJ38,OUT045,3053.8691
NCC54,OUT017,3953.3428
NCZ41,OUT046,2147.513
FDK38,OUT019,345.16504
FDU52,OUT013,2628.7166
FDC40,OUT046,1329.8357
NCR30,OUT017,1232.5105
NCN18,OUT017,1779.9484
FDB50,OUT035,1331.5968
FDG04,OUT013,3190.8025
FDR26,OUT035,2987.8564
NCT17,OUT018,2771.9949
FDX35,OUT027,5900.6562
FDS12,OUT046,2228.5532
NCZ29,OUT027,3420.407
FDB38,OUT010,462.63666
FDP12,OUT013,443.0336
FDP22,OUT046,918.6509
FDS26,OUT018,4171.2583
FDR52,OUT046,3157.5825
DRJ13,OUT046,2618.146
FDU48,OUT027,3623.5295
FDE29,OUT035,1059.2601
NCT29,OUT049,1927.4376
DRK37,OUT018,2750.6912
FDK55,OUT046,1552.9677
FDR07,OUT046,1722.8531
FDO21,OUT027,5771.87
FDK46,OUT049,4248.8066
FDB12,OUT045,1646.1991
FDT31,OUT027,5109.045
FDJ33,OUT045,1920.8279
FDC26,OUT027,3012.732
NCQ02,OUT045,3017.3833
FDP08,OUT010,477.15332
FDB11,OUT027,5686.476
FDV55,OUT013,2410.3823
FDW20,OUT049,2002.9547
NCJ18,OUT019,207.80762
FDC41,OUT018,1040.5225
FDE14,OUT027,2821.7078
FDG35,OUT013,2850.0598
FDF45,OUT035,994.26807
FDS19,OUT027,2136.2334
FDS58,OUT019,396.89423
FDA26,OUT017,3656.5876
FDM32,OUT049,1374.8079
FDL45,OUT046,2142.601
FDZ55,OUT049,2619.307
FDY37,OUT049,2366.6821
FDO46,OUT046,3109.5938
FDQ60,OUT046,2089.8127
FDA19,OUT018,1833.0713
FDL15,OUT046,2527.8643
FDM10,OUT018,3269.9514
NCL05,OUT017,669.5005
DRK49,OUT010,54.0576
NCE18,OUT027,6180.5645
FDG40,OUT049,634.3866
DRI59,OUT045,3621.391
FDK28,OUT035,4201.53
NCD06,OUT019,86.55346
FDO11,OUT019,732.6509
FDK27,OUT046,2065.4895
FDT43,OUT027,1397.4077
FDD38,OUT018,1432.0759
FDA16,OUT049,3815.204
FDL14,OUT027,4214.7417
NCM17,OUT049,711.7564
FDD20,OUT045,1887.9596
FDA40,OUT045,1311.9471
FDL43,OUT045,1177.0903
FDV15,OUT045,1551.689
FDE52,OUT046,1552.9338
NCL17,OUT010,338.85107
NCJ31,OUT045,3868.3223
FDR60,OUT045,1173.2081
NCA18,OUT035,1921.2632
FDS21,OUT027,1710.488
FDW09,OUT035,1342.81
FDL26,OUT035,2556.9663
FDS47,OUT018,1240.0884
FDC39,OUT046,3389.002
FDT51,OUT035,1863.2605
FDK40,OUT035,4334.172
NCG19,OUT045,3829.4893
FDZ07,OUT046,1063.5255
FDF08,OUT027,2456.317
FDO04,OUT013,781.4236
FDK41,OUT018,1168.7168
FDP15,OUT049,4145.4
NCD43,OUT018,1471.398
NCP18,OUT013,2483.2568
FDZ51,OUT046,1622.9543
DRH13,OUT035,1793.3617
FDF38,OUT045,589.2274
NCI43,OUT045,732.4895
FDM38,OUT027,1468.3352
FDS03,OUT013,934.0874
DRJ47,OUT017,2834.892
FDT50,OUT010,235.28333
FDV02,OUT046,2815.626
NCG18,OUT017,1701.021
FDW52,OUT046,2740.963
FDS40,OUT035,606.9434
FDN31,OUT017,3186.1208
FDA37,OUT045,1880.9686
FDA15,OUT046,4071.307
FDL39,OUT046,2973.4746
FDJ53,OUT045,1855.4862
FDX22,OUT013,3525.8086
NCZ42,OUT045,3876.8564
FDD56,OUT027,4739.0903
FDD40,OUT017,3264.1167
FDS50,OUT013,3618.064
NCN14,OUT013,3001.7407
FDT15,OUT013,3060.229
NCS18,OUT027,2961.2017
NCO26,OUT010,275.99878
FDF58,OUT018,801.92267
NCB19,OUT013,1375.7676
FDH26,OUT017,2351.1274
DRB24,OUT027,4107.773
FDA49,OUT018,1186.5337
FDB32,OUT045,1426.8782
FDI36,OUT017,3283.731
NCA17,OUT010,399.2752
FDH22,OUT013,2091.7634
NCM26,OUT018,2255.5337
FDT15,OUT027,4921.532
FDB16,OUT018,1220.1443
NCP54,OUT027,3368.2004
FDJ36,OUT013,1709.7834
FDO28,OUT045,1805.5522
FDU09,OUT013,772.57446
FDF29,OUT017,2163.2637
FDY08,OUT013,2390.4683
DRJ59,OUT018,484.14035
FDT23,OUT027,2207.9768
FDU15,OUT018,506.8636
FDT47,OUT013,1654.9736
FDI53,OUT019,400.6997
FDR59,OUT018,4175.709
FDD53,OUT035,681.6614
FDY51,OUT017,3631.5803
FDT04,OUT049,689.4977
FDU51,OUT049,3012.3884
FDG14,OUT035,2498.3088
NCU06,OUT045,3778.148
DRG25,OUT046,2992.7988
DRH49,OUT035,1384.5298
FDN15,OUT035,2293.9963
FDL43,OUT018,1052.5427
NCT18,OUT049,3095.1948
NCB31,OUT013,4283.222
FDK57,OUT035,1984.8264
FDY04,OUT019,380.06335
NCP54,OUT046,2109.9707
FDF41,OUT013,3999.383
FDM01,OUT045,1552.9441
FDW03,OUT045,1583.4402
FDF28,OUT045,1891.9519
FDY37,OUT017,2359.1997
FDQ03,OUT017,3925.9714
FDP51,OUT027,3236.061
FDJ40,OUT017,1803.7637
FDC32,OUT049,1450.0054
DRI49,OUT027,2139.721
NCW54,OUT017,884.07117
FDF09,OUT017,593.27826
FDP45,OUT018,3964.887
DRJ23,OUT018,2793.0103
FDS59,OUT017,1812.2296
FDY08,OUT046,2368.9307
FDX16,OUT049,2480.932
FDY16,OUT018,2769.6292
FDK32,OUT035,2552.3462
FDQ22,OUT013,575.32245
NCC31,OUT018,2242.3496
FDG58,OUT049,2509.9756
DRF48,OUT013,3147.3145
DRH36,OUT049,1120.5585
NCR30,OUT035,1257.6678
FDB03,OUT019,574.7461
FDZ28,OUT027,3454.849
FDR35,OUT017,3299.8716
DRD15,OUT027,5952.222
FDJ33,OUT019,275.84564
FDA56,OUT010,299.08984
FDP56,OUT046,791.8502
NCT30,OUT046,796.12164
FDK15,OUT017,1615.9929
FDH44,OUT018,2156.0547
FDV01,OUT013,2574.1294
DRG03,OUT017,2508.8433
FDG50,OUT027,2522.6992
FDR16,OUT010,507.9513
FDZ60,OUT046,1957.5796
DRG03,OUT045,2401.607
FDS56,OUT018,4149.228
FDU33,OUT045,669.22253
DRD27,OUT035,1643.8146
FDW22,OUT046,3622.6262
DRA24,OUT045,2585.4497
FDF38,OUT049,681.2348
FDX48,OUT013,2601.1116
FDS58,OUT018,2357.1724
FDC32,OUT046,1654.875
NCQ29,OUT045,4242.3394
DRK39,OUT018,1179.8254
NCS38,OUT017,1826.9863
DRO47,OUT013,1864.7728
DRG27,OUT027,1145.0735
FDC57,OUT027,5165.7075
FDS55,OUT046,2487.6812
NCJ06,OUT018,1685.6072
FDO01,OUT019,306.11334
NCM55,OUT045,2982.8533
FDC52,OUT049,2528.7332
FDQ15,OUT045,1188.1718
NCT30,OUT027,1281.9402
NCR42,OUT027,925.2263
FDD28,OUT035,1011.53253
FDQ34,OUT049,1593.8895
FDZ12,OUT027,3918.3513
DRE13,OUT019,207.22894
NCN07,OUT019,295.3178
FDM28,OUT035,3029.5864
FDI10,OUT017,2831.3284
FDQ25,OUT013,2912.753
FDA38,OUT010,660.3248
DRI13,OUT049,3580.0222
FDY20,OUT027,2486.4854
NCZ53,OUT035,3120.5815
NCM31,OUT013,2426.602
DRB01,OUT017,3090.5857
DRF37,OUT046,4125.4062
NCF42,OUT049,2982.9062
FDF16,OUT018,2108.0393
FDB41,OUT013,688.7295
FDR34,OUT013,3723.9873
FDR15,OUT018,2269.5952
NCV42,OUT019,250.638
FDW51,OUT035,3569.1572
FDU36,OUT017,1538.4191
FDX60,OUT049,1228.5596
FDY03,OUT035,1903.0945
FDW55,OUT045,4085.6414
FDT01,OUT010,501.00037
FDG58,OUT013,2590.691
FDK21,OUT017,4063.2546
NCS41,OUT019,427.0315
FDS10,OUT045,2921.1619
NCT53,OUT046,2755.15
FDJ28,OUT018,2825.0046
FDX44,OUT045,1314.1567
FDT20,OUT018,499.77917
FDO44,OUT017,1791.6332
NCX17,OUT049,3817.357
FDY01,OUT017,1890.8032
FDJ12,OUT027,5615.647
DRK35,OUT018,513.17255
FDD47,OUT019,365.8153
NCM53,OUT035,1770.4785
FDO45,OUT013,1385.4141
NCM42,OUT010,262.81335
FDE04,OUT046,2943.2134
NCI30,OUT027,6104.3145
FDZ19,OUT013,2940.458
FDW57,OUT013,2968.2104
FDA25,OUT013,1734.6531
FDT22,OUT046,965.25415
FDP51,OUT013,1996.6233
FDD48,OUT027,3240.666
FDY39,OUT035,3025.4043
FDO48,OUT010,548.9907
FDD23,OUT027,4913.836
DRN35,OUT027,1018.18713
FDT01,OUT035,3640.748
FDC20,OUT010,84.29507
DRJ35,OUT035,1116.6578
FDB32,OUT046,1701.7483
FDL24,OUT046,2938.4556
NCV42,OUT035,1840.96
FDZ46,OUT046,1831.4478
FDC15,OUT013,2548.199
FDD08,OUT019,74.368126
FDY50,OUT049,1328.4346
FDD36,OUT013,2109.589
FDG57,OUT027,1333.699
FDL21,OUT018,560.9558
FDN16,OUT027,2813.3132
FDJ09,OUT027,1232.7625
FDS01,OUT010,436.81348
FDV33,OUT017,4242.4277
DRE12,OUT017,1813.4307
FDR07,OUT013,1566.5957
FDP48,OUT010,462.51782
NCB55,OUT035,983.50415
FDQ08,OUT013,876.22095
FDR34,OUT035,3858.6196
FDO33,OUT046,1891.9097
FDP13,OUT045,569.9962
FDX12,OUT049,4080.2124
NCT06,OUT049,2815.604
FDR16,OUT019,581.7473
FDE36,OUT046,2940.067
FDZ36,OUT049,3155.523
FDV13,OUT045,1306.5265
NCZ17,OUT035,598.016
FDU56,OUT045,2951.9297
FDM09,OUT035,2848.3406
FDV02,OUT017,2836.1836
FDS34,OUT018,1659.7358
FDA11,OUT049,1440.4983
FDP09,OUT017,3519.4182
FDB29,OUT027,3144.8135
FDT19,OUT017,2812.0466
DRH15,OUT017,683.51825
FDY38,OUT046,3792.2925
FDF14,OUT027,4169.087
FDN48,OUT010,272.9851
FDQ12,OUT013,3824.267
NCJ43,OUT045,2698.5803
FDE17,OUT019,344.31702
FDB05,OUT035,4129.058
FDH10,OUT045,3134.3218
NCR06,OUT017,625.35693
FDU32,OUT018,1691.9777
FDD56,OUT049,2933.745
FDO36,OUT018,2700.2373
FDH16,OUT010,239.51337
FDX10,OUT018,498.35013
FDZ37,OUT017,1446.2837
FDU31,OUT010,532.55444
DRC49,OUT049,2261.0264
FDL15,OUT045,2372.2815
FDN32,OUT019,460.85437
DRH59,OUT027,2048.6934
NCU29,OUT049,2391.2827
FDR37,OUT019,451.14807
FDS14,OUT018,2248.039
FDU02,OUT027,5854.259
FDJ08,OUT035,3228.9224
NCZ06,OUT045,4093.6802
FDO31,OUT049,1217.5635
FDH31,OUT018,1441.6567
FDS58,OUT017,2641.8118
NCA53,OUT027,1355.6436
FDF50,OUT046,3308.1582
NCW42,OUT049,3664.0557
NCQ17,OUT045,2412.0544
FDK51,OUT018,4224.3564
NCW41,OUT010,418.81763
NCR29,OUT017,882.90216
FDB08,OUT019,355.63855
FDA40,OUT027,2361.009
FDL14,OUT018,2281.025
FDB47,OUT046,3333.7852
FDO03,OUT035,3852.69
DRK13,OUT019,460.5183
FDX13,OUT010,623.22876
FDF52,OUT046,3022.2686
FDT11,OUT013,3229.296
FDB08,OUT013,2746.0369
FDQ28,OUT018,2269.942
FDD29,OUT045,4135.733
NCQ29,OUT027,6258.078
NCO02,OUT013,951.514
FDR56,OUT010,468.5874
NCM54,OUT049,2035.0132
FDP51,OUT035,1964.7675
FDT38,OUT013,1338.6313
FDZ20,OUT018,4003.1265
FDJ53,OUT013,2067.8225
FDX13,OUT049,4224.782
FDP58,OUT035,3680.4219
NCK31,OUT019,134.89435
FDA35,OUT018,1753.4912
FDV37,OUT018,2994.2612
NCO07,OUT027,5602.2085
FDA20,OUT045,2966.2524
FDZ59,OUT035,2774.373
NCY17,OUT017,698.26086
FDQ28,OUT035,2554.899
FDV35,OUT017,2560.623
FDQ36,OUT013,417.12613
FDD34,OUT018,2361.9102
FDK51,OUT045,4288.4985
FDV31,OUT035,2893.5132
FDR04,OUT035,1596.3008
FDR14,OUT049,832.6483
DRC36,OUT010,450.7588
FDE39,OUT019,261.91046
FDP57,OUT049,1632.373
FDE57,OUT046,2411.6326
NCN18,OUT046,1892.4266
NCQ05,OUT018,2159.577
FDW47,OUT035,1968.3193
FDV46,OUT035,2302.0735
NCP29,OUT045,964.3332
FDE09,OUT018,1547.0076
NCU06,OUT027,5844.1445
FDT19,OUT010,390.45715
DRF15,OUT017,2518.1113
DRI51,OUT013,2810.2915
NCX54,OUT013,1731.5464
DRE01,OUT013,3923.7317
NCB07,OUT045,3179.315
FDU50,OUT035,1903.5472
FDG40,OUT035,570.1051
FDW10,OUT018,2634.0464
FDX51,OUT013,3256.557
NCP17,OUT045,914.2466
FDP21,OUT035,3157.929
FDL04,OUT045,1593.6167
FDV23,OUT013,2138.5164
FDF24,OUT046,1444.8407
FDH56,OUT027,3115.938
FDB51,OUT049,916.9995
FDI58,OUT027,2562.9438
FDR20,OUT013,696.52155
FDC51,OUT018,1736.1025
FDB16,OUT027,2408.8257
FDE40,OUT049,926.71277
NCM17,OUT035,740.24414
FDU56,OUT035,3119.2485
FDS32,OUT019,327.78668
FDX02,OUT049,3761.2842
FDT39,OUT027,4114.54
FDE35,OUT017,930.28864
NCI42,OUT019,540.66406
DRL23,OUT046,1887.9244
FDA10,OUT046,2035.99
FDA11,OUT013,1614.8756
NCM06,OUT046,2625.0674
NCT05,OUT035,4242.831
NCQ02,OUT010,463.72437
NCY06,OUT049,2098.1064
FDY56,OUT035,3802.8345
FDL02,OUT035,1755.1333
NCI06,OUT035,2949.2927
FDQ14,OUT045,2297.5884
FDQ12,OUT017,3764.1143
FDP36,OUT046,821.2794
FDK21,OUT027,6113.0425
FDO40,OUT045,2291.2485
NCK54,OUT019,318.97205
FDY09,OUT018,2619.8179
NCW30,OUT049,4330.608
NCC55,OUT027,1028.2664
FDE58,OUT018,1636.4801
FDR39,OUT013,2978.9224
FDU28,OUT049,3214.5112
FDH08,OUT017,3749.287
FDG35,OUT045,2824.4014
FDG22,OUT049,706.8992
FDC34,OUT035,2641.27
FDP15,OUT018,4025.562
FDK34,OUT010,569.01135
FDU45,OUT035,1951.5363
FDQ04,OUT027,1086.9962
FDX22,OUT018,3154.7673
FDB45,OUT017,1682.1831
NCH43,OUT027,5647.6187
DRE60,OUT046,3577.9575
FDD17,OUT027,6039.3086
NCM54,OUT017,2096.6
NCH55,OUT013,2108.7576
NCT06,OUT017,2738.108
FDA48,OUT027,5775.7607
FDY58,OUT027,5773.134
FDO25,OUT045,3411.2715
FDN50,OUT045,1436.9958
FDH35,OUT035,2751.3826
FDK09,OUT045,3712.0815
FDO16,OUT013,1324.9775
FDW11,OUT045,963.39233
FDU47,OUT027,3889.0059
NCQ42,OUT010,361.32977
FDK55,OUT027,2456.5752
FDN08,OUT049,1786.9885
FDT57,OUT045,3866.1833
FDJ12,OUT018,3133.2515
DRL59,OUT017,845.1498
NCN53,OUT046,625.9734
FDO51,OUT010,47.156963
FDK56,OUT017,3095.3806
FDY12,OUT035,927.34485
FDU15,OUT035,615.7335
FDQ19,OUT046,3995.565
DRF15,OUT045,2415.224
DRE25,OUT019,197.86292
FDK57,OUT018,1682.6113
FDD33,OUT010,515.87305
FDR34,OUT027,5825.3203
FDU04,OUT045,1830.0122
FDE35,OUT019,170.44104
NCD31,OUT035,2680.2842
FDJ56,OUT035,1629.3245
NCU53,OUT046,2749.6833
FDD39,OUT035,3636.3125
NCU17,OUT019,205.21716
FDJ20,OUT046,2157.432
NCW41,OUT018,2296.4731
FDL52,OUT035,662.079
FDS39,OUT035,2324.8257
DRJ47,OUT045,2778.161
FDP13,OUT010,35.501156
DRK39,OUT010,176.47949
FDF28,OUT010,380.22382
FDB09,OUT045,1915.1826
FDM51,OUT046,1747.7844
DRM49,OUT018,584.70337
DRF23,OUT013,2965.5159
DRH01,OUT035,2877.9744
FDH12,OUT027,2972.7456
FDA28,OUT019,286.44843
FDW37,OUT018,1254.8843
FDF02,OUT046,1851.3728
DRL37,OUT046,778.0514
NCF43,OUT046,2445.7136
FDH08,OUT010,547.9175
FDR34,OUT019,659.68384
NCK19,OUT049,3282.3179
NCD55,OUT018,540.1222
FDT27,OUT049,3876.1316
FDQ57,OUT045,2241.228
FDA47,OUT035,2686.79
DRG15,OUT027,1742.1335
FDE05,OUT018,2107.4995
FDN46,OUT046,1709.3188
FDX27,OUT027,2544.9966
FDT51,OUT045,1696.5037
FDU33,OUT013,606.18317
FDJ16,OUT027,1618.0408
FDD20,OUT019,273.90094
FDT36,OUT049,587.841
DRF15,OUT027,4170.702
FDN52,OUT010,206.59912
FDC22,OUT027,5060.359
FDX15,OUT045,2519.8938
FDT13,OUT013,3106.0896
FDU04,OUT017,1956.7708
FDU31,OUT019,574.478
FDW59,OUT027,2422.2844
NCO29,OUT046,2715.264
FDL15,OUT035,2536.3728
FDI41,OUT049,2438.6477
FDQ48,OUT049,1545.825
DRI39,OUT013,778.18445
FDI08,OUT013,4109.66
FDC21,OUT049,1728.8711
FDF58,OUT035,1067.427
FDS08,OUT010,417.4734
FDE47,OUT045,1885.0198
NCP18,OUT019,335.19446
NCR41,OUT013,1564.9792
FDA27,OUT013,4166.252
FDA43,OUT035,3281.837
FDA49,OUT045,1264.1216
NCE55,OUT018,2591.6995
DRM49,OUT027,1187.28
FDF22,OUT027,5551.66
FDQ15,OUT018,1139.3668
NCS54,OUT017,2871.3047
NCY05,OUT013,494.06424
FDR45,OUT046,3842.9443
FDK57,OUT049,1882.0753
FDF41,OUT010,559.84717
FDV21,OUT046,2138.3787
FDD51,OUT046,754.5948
FDF33,OUT046,1867.4028
FDA38,OUT046,3920.13
FDR56,OUT045,3186.3462
NCN41,OUT017,1994.0991
FDC60,OUT027,2433.7515
FDB47,OUT045,3356.5417
DRH01,OUT013,2839.36
FDW08,OUT046,1815.427
FDF38,OUT027,1090.6362
FDY32,OUT017,2636.6904
FDG34,OUT049,1705.7112
FDG47,OUT019,720.8174
NCF18,OUT035,3202.9268
FDL39,OUT019,429.94385
NCH55,OUT035,2099.406
DRJ35,OUT049,905.3127
FDS44,OUT035,4002.2515
DRE01,OUT018,3721.7227
FDY39,OUT013,3124.7598
FDY32,OUT018,2335.6406
FDR33,OUT027,3018.0242
NCP50,OUT049,1249.1509
FDZ47,OUT018,1379.4921
FDU57,OUT049,2461.044
FDY44,OUT013,3245.6792
DRH59,OUT018,1015.3432
FDB03,OUT027,6044.5986
FDY46,OUT045,3013.9946
FDM39,OUT045,2766.6367
FDY36,OUT035,1278.654
NCM55,OUT035,3088.045
FDJ50,OUT010,81.687065
DRL60,OUT013,2518.7388
NCJ54,OUT049,3875.1267
FDX59,OUT017,537.80505
FDI07,OUT013,3318.8633
DRF51,OUT010,40.169018
FDM14,OUT017,1770.1404
FDP21,OUT045,2995.6648
FDE40,OUT035,1100.0063
FDE05,OUT035,2442.9272
FDM13,OUT027,3660.2122
FDC34,OUT027,4135.6533
NCI55,OUT018,1734.3091
NCE43,OUT018,2474.6453
FDW58,OUT018,1480.4496
FDG60,OUT045,3861.2144
FDV31,OUT017,2874.5312
FDR47,OUT013,3260.212
FDM60,OUT019,117.757454
NCF06,OUT018,4034.3564
NCN26,OUT027,3217.5417
FDQ59,OUT049,1301.2179
FDF09,OUT046,641.8569
NCS06,OUT017,4297.1084
FDT44,OUT046,2057.496
FDI19,OUT017,3990.5576
FDT22,OUT017,971.61194
NCF54,OUT027,4608.576
DRG25,OUT045,2961.9077
FDB59,OUT017,3294.0146
FDQ37,OUT017,3257.1714
FDP56,OUT035,829.3599
FDW44,OUT035,2853.0625
FDJ26,OUT010,511.89514
FDU43,OUT018,3746.0283
FDW33,OUT045,1587.7839
NCX53,OUT027,3905.0044
FDN56,OUT010,348.84082
DRF15,OUT049,2575.1792
FDO33,OUT017,1852.8959
FDZ39,OUT010,396.103
NCJ19,OUT017,895.3033
FDU01,OUT035,3138.4712
FDT12,OUT035,3792.0674
NCM18,OUT018,817.28955
FDP19,OUT017,2097.669
NCR42,OUT049,604.24225
FDN10,OUT046,2005.8005
FDG44,OUT017,870.5926
FDQ10,OUT046,2771.5054
DRH13,OUT049,1615.2405
FDT52,OUT013,4075.936
FDM56,OUT045,1683.7456
NCO43,OUT010,254.4787
NCV29,OUT035,2947.829
NCF06,OUT013,4293.3687
FDO50,OUT035,1504.571
FDT59,OUT013,3803.9692
FDX40,OUT027,996.3032
FDE50,OUT017,3135.4785
FDX51,OUT017,3266.111
NCD30,OUT018,1360.4219
FDK15,OUT013,1632.3206
FDL12,OUT045,935.64575
FDK46,OUT017,4193.7266
DRH49,OUT010,295.54483
FDQ57,OUT046,2436.1396
FDY59,OUT017,1487.7212
FDO09,OUT018,4153.631
NCG30,OUT035,2121.4312
FDM09,OUT017,2800.5671
NCN17,OUT027,2777.6016
NCS42,OUT013,1446.8529
FDD02,OUT019,247.45221
FDE34,OUT013,3010.0361
FDU38,OUT045,3090.3306
FDB33,OUT046,2597.8406
NCJ29,OUT017,1421.8308
FDZ27,OUT035,840.2583
FDI40,OUT013,1656.4653
FDG22,OUT013,595.867
FDT51,OUT017,1794.8088
FDF20,OUT018,2973.4126
FDV50,OUT035,2033.5793
FDT02,OUT049,647.55707
DRC49,OUT017,2367.6807
FDF26,OUT049,2484.8708
FDV52,OUT035,2001.9677
FDX59,OUT049,606.9263
FDV25,OUT035,3734.6958
FDW23,OUT027,1062.989
FDE53,OUT018,1503.8633
FDA19,OUT017,2107.4304
FDH22,OUT046,2090.7185
NCO41,OUT013,1604.3661
FDX12,OUT017,4000.6807
FDF17,OUT013,3315.524
FDS11,OUT045,3646.6338
FDR51,OUT035,2511.466
FDT49,OUT010,235.12653
FDC56,OUT013,2047.5009
FDR13,OUT027,3227.1357
FDQ60,OUT035,1999.3776
FDN38,OUT049,4240.7383
NCL29,OUT013,2634.9404
FDO13,OUT027,4483.0215
FDE26,OUT018,2055.6978
FDA31,OUT010,384.3468
FDX14,OUT035,1282.6201
FDA34,OUT045,2746.704
FDF26,OUT013,2672.7288
FDE38,OUT045,2585.865
DRI11,OUT046,1978.717
FDQ60,OUT027,3261.1116
FDL21,OUT027,1091.717
DRC12,OUT027,5128.423
FDC47,OUT046,3599.0405
FDE57,OUT045,2128.6274
FDT14,OUT045,1855.1443
NCZ53,OUT046,3102.849
FDE28,OUT018,3551.6606
FDR19,OUT035,2418.9072
NCF54,OUT019,400.54236
FDZ08,OUT046,1384.2944
NCJ05,OUT018,2260.4607
FDF59,OUT046,2116.1191
NCO05,OUT035,1661.9116
FDW24,OUT018,663.0514
NCX42,OUT018,2392.3938
NCA53,OUT035,816.6782
FDI45,OUT019,411.58984
FDG46,OUT046,1927.6707
FDM20,OUT010,573.4425
FDW11,OUT010,145.57443
FDX08,OUT035,2989.5132
NCK17,OUT035,687.04425
FDK32,OUT018,2223.2095
NCA42,OUT035,2599.8447
DRI01,OUT035,2803.7761
NCL55,OUT049,4124.3564
DRE25,OUT018,1326.7776
FDD14,OUT017,3072.3037
FDB10,OUT046,3776.9275
DRN11,OUT035,2397.9944
FDP38,OUT018,657.9503
NCA30,OUT017,3156.3855
FDT15,OUT017,3087.2913
NCP55,OUT018,728.8534
FDF12,OUT035,2402.7861
FDM21,OUT018,4079.5903
FDX56,OUT035,3509.974
FDF10,OUT017,2425.8464
FDT32,OUT045,3087.018
FDM51,OUT018,1443.8376
NCR50,OUT018,2268.275
FDI19,OUT049,3951.1401
FDX21,OUT017,1725.5093
FDR31,OUT035,2403.2944
FDY02,OUT013,4329.9966
NCA29,OUT045,2679.9785
NCX17,OUT046,3634.2659
FDM12,OUT045,3096.4448
FDI53,OUT027,4315.2334
NCU30,OUT049,2693.9678
FDC56,OUT027,3285.8752
FDK27,OUT018,1719.3813
NCK18,OUT017,2698.4731
FDB52,OUT019,715.6444
DRG25,OUT027,5040.25
FDZ13,OUT049,837.6942
FDB57,OUT019,609.4075
FDR40,OUT046,1411.7042
NCO14,OUT019,112.32967
NCN19,OUT045,3066.3872
FDQ28,OUT019,349.0735
FDO13,OUT018,2368.8574
FDK48,OUT013,1229.3389
FDU07,OUT018,2197.188
FDW20,OUT046,2167.832
FDV12,OUT010,344.1131
FDH24,OUT013,2613.391
FDV59,OUT049,3714.7148
FDK57,OUT045,1834.8206
FDL16,OUT027,1201.8531
NCQ17,OUT046,2564.7727
FDJ15,OUT018,2732.1838
FDX24,OUT049,1419.0599
FDT47,OUT046,1658.8541
FDT10,OUT049,972.25775
FDZ37,OUT018,1248.4802
FDW43,OUT027,5939.3174
DRN36,OUT017,1560.9324
FDJ14,OUT045,1236.9292
FDA32,OUT013,3583.613
FDJ38,OUT019,455.8496
FDQ57,OUT017,2395.5173
NCQ41,OUT019,493.83105
FDG56,OUT049,918.706
DRC13,OUT027,3334.9302
FDV55,OUT035,2402.9802
FDQ49,OUT045,2499.7905
FDE29,OUT010,77.233665
FDR03,OUT013,3403.7861
FDD45,OUT049,1410.5957
FDN38,OUT010,644.4115
FDT56,OUT046,1002.20544
FDT48,OUT045,3223.713
FDU03,OUT049,3077.865
FDC56,OUT010,248.27802
NCO43,OUT027,2712.52
FDQ27,OUT017,1653.4089
FDR03,OUT046,3316.5503
DRH23,OUT010,69.86724
FDG22,OUT045,608.9558
NCJ42,OUT013,1685.7532
FDR24,OUT046,1629.9121
FDW60,OUT035,2906.1357
FDJ08,OUT013,3151.9893
DRL59,OUT018,656.67126
FDG60,OUT010,553.98914
FDW27,OUT017,2554.2012
FDX14,OUT018,1065.7485
FDC20,OUT013,772.28394
NCS29,OUT018,4148.2153
FDJ56,OUT046,1705.3918
FDB20,OUT019,169.32346
FDL28,OUT027,5909.593
FDW01,OUT018,2190.1982
FDL03,OUT046,3170.102
FDX22,OUT049,3558.012
FDJ21,OUT035,2433.1995
FDR31,OUT045,2248.6084
FDG21,OUT035,2553.958
FDS22,OUT027,1166.4039
FDK08,OUT035,1659.094
FDE17,OUT018,2242.561
NCN30,OUT017,1548.1108
FDT50,OUT046,1653.6656
NCX42,OUT049,2692.8071
FDJ12,OUT035,3512.541
NCA18,OUT027,3199.9597
FDP23,OUT019,533.82117
FDX12,OUT013,4064.174
FDN40,OUT018,2184.7769
FDV48,OUT035,1354.8551
NCY54,OUT013,2854.5818
FDL16,OUT010,45.376064
FDR45,OUT018,3723.6064
FDJ52,OUT046,2713.8252
DRG01,OUT017,1281.5778
FDP52,OUT013,3800.1333
FDU58,OUT017,3056.1875
FDL02,OUT045,1617.9749
FDG28,OUT013,4063.846
FDA19,OUT035,2119.9644
FDW46,OUT027,1775.5154
NCD43,OUT049,1579.6412
DRG39,OUT013,704.67896
NCF55,OUT049,619.99536
FDJ07,OUT046,2009.3745
FDE08,OUT046,2455.558
FDP56,OUT019,119.30355
FDT45,OUT045,772.7766
FDF17,OUT018,2859.2764
FDX44,OUT046,1497.6907
FDM28,OUT027,4881.7344
FDI36,OUT049,3410.401
FDS07,OUT045,1756.6438
FDD36,OUT045,1783.342
FDW11,OUT046,1024.0647
FDN40,OUT049,2506.5308
NCQ18,OUT049,1507.794
NCQ54,OUT017,2759.5674
NCS42,OUT045,1377.6396
DRH39,OUT010,230.19467
FDC09,OUT027,2868.7124
FDT08,OUT010,375.88623
FDC08,OUT035,3811.6511
FDT20,OUT017,571.2207
FDS35,OUT035,1124.8981
FDX58,OUT018,2698.4253
FDW58,OUT046,1837.1215
DRD27,OUT046,1808.5605
FDH32,OUT019,199.10095
FDS26,OUT035,4305.461
FDQ31,OUT046,1454.7825
FDP11,OUT018,3382.9692
FDD58,OUT017,1610.1881
FDM33,OUT045,3569.0889
FDZ16,OUT049,3345.0835
NCS29,OUT010,608.0471
NCM18,OUT019,125.88848
FDP11,OUT049,3731.8018
NCC42,OUT017,2328.5298
DRM23,OUT046,2795.538
NCN55,OUT027,5960.548
FDK46,OUT013,4218.107
FDR01,OUT046,3338.7378
NCA05,OUT045,2343.17
NCP43,OUT017,2953.331
FDR12,OUT010,438.52686
FDQ01,OUT013,4169.291
FDM13,OUT046,2324.6924
FDQ19,OUT017,4004.8
FDK56,OUT019,392.1078
NCX06,OUT010,451.17676
FDO56,OUT027,3257.4446
FDU45,OUT045,1733.5133
FDI16,OUT019,109.93499
FDL32,OUT046,1985.0402
FDA07,OUT046,2170.8164
FDA14,OUT045,2275.893
FDV46,OUT027,3779.5874
NCO07,OUT035,3587.6685
NCP41,OUT046,1874.1831
FDY60,OUT018,2039.2705
FDN38,OUT017,4175.9043
FDO15,OUT046,1299.1586
FDT60,OUT013,2147.45
FDA55,OUT035,3797.083
FDE02,OUT010,216.14612
DRJ39,OUT049,3697.3481
FDV34,OUT035,1294.1908
FDS20,OUT027,4995.426
FDF02,OUT027,2837.5166
FDW40,OUT017,2374.6514
NCB43,OUT046,2981.0176
FDR58,OUT017,1491.2908
DRJ59,OUT035,679.5696
NCD30,OUT017,1591.8406
FDE14,OUT017,1580.6008
FDC28,OUT018,1518.5847
FDU16,OUT018,1183.3506
NCD19,OUT035,976.84436
FDU21,OUT046,693.6869
FDV59,OUT027,5728.5137
FDU03,OUT045,2944.6836
FDC33,OUT010,498.17688
NCR42,OUT035,581.911
DRH59,OUT035,1289.2129
NCM31,OUT035,2387.4927
FDS50,OUT035,3746.7688
FDP39,OUT046,890.66174
FDQ55,OUT013,2002.0609
FDV36,OUT019,271.39618
FDI05,OUT027,2093.6748
FDS45,OUT027,2905.6523
FDA39,OUT045,556.3264
FDC37,OUT010,334.19073
FDJ60,OUT027,4552.8906
DRQ35,OUT046,2131.647
NCJ06,OUT046,2089.0305
NCY42,OUT018,2060.8398
DRM37,OUT049,3343.289
FDR14,OUT045,767.53503
FDE51,OUT049,701.1199
FDT33,OUT017,2749.3223
FDR08,OUT013,1867.2056
FDE36,OUT010,456.58246
FDL22,OUT019,209.89166
FDR44,OUT013,2307.9912
FDI56,OUT019,175.19543
FDE47,OUT010,342.49774
FDV27,OUT010,240.64008
FDV10,OUT049,714.1192
FDC40,OUT045,1179.9485
NCX41,OUT013,3435.4272
NCQ38,OUT027,2879.178
FDV12,OUT027,2798.2427
FDE52,OUT017,1452.5195
FDG20,OUT027,4746.7363
FDV16,OUT027,943.6657
FDI32,OUT017,1856.2739
FDJ32,OUT049,913.25867
FDN39,OUT018,2545.7449
FDY34,OUT017,2771.5576
FDC14,OUT035,718.9825
FDA55,OUT017,3742.023
FDZ50,OUT010,440.75684
DRG13,OUT049,2777.0112
FDP01,OUT013,2547.6152
NCG54,OUT017,2821.4175
FDM13,OUT045,1990.9028
NCO18,OUT027,4828.577
NCW41,OUT013,2570.5671
FDM52,OUT027,4054.2842
NCF55,OUT035,591.34467
FDT09,OUT046,2242.353
NCM19,OUT035,1840.4496
FDW12,OUT018,2107.3064
FDP15,OUT019,672.12305
FDK36,OUT045,733.9549
FDZ25,OUT035,2880.7275
NCW06,OUT049,3310.904
FDW60,OUT046,3065.309
DRC49,OUT013,2420.6274
NCT17,OUT035,3169.8853
NCN06,OUT018,2390.5776
FDC45,OUT013,2796.3733
DRJ47,OUT019,389.28882
NCF06,OUT045,4230.8306
FDE21,OUT010,321.75653
DRG27,OUT013,485.42078
FDW40,OUT049,2321.3208
NCO53,OUT046,2959.1777
FDE23,OUT049,816.3557
FDQ16,OUT046,1948.5315
FDS26,OUT045,4202.161
FDZ13,OUT010,48.12869
FDS14,OUT049,2564.3213
FDC10,OUT045,1837.1311
FDY16,OUT049,3197.954
FDJ20,OUT035,2127.1663
FDV43,OUT035,717.5426
FDZ32,OUT027,2922.3523
FDR23,OUT046,2875.3477
FDN24,OUT035,915.7395
FDE34,OUT027,4866.7114
FDU31,OUT013,3649.6548
FDW33,OUT018,1525.5867
FDU26,OUT046,2110.331
FDE20,OUT027,4617.873
NCW05,OUT035,1760.9734
FDB22,OUT018,2182.187
FDO56,OUT046,2052.2102
FDA19,OUT027,3549.0508
DRI39,OUT045,832.0164
FDH52,OUT018,816.73987
FDZ50,OUT035,3070.2383
NCN42,OUT035,2457.033
FDB53,OUT013,2468.442
DRG11,OUT017,1726.8784
DRK11,OUT027,4048.68
FDQ60,OUT017,1981.3269
FDT36,OUT017,532.41064
DRG25,OUT018,2734.9634
DRJ23,OUT046,3053.1104
FDG05,OUT035,2622.7542
NCK06,OUT018,1700.3794
FDU52,OUT017,2498.0747
FDW07,OUT018,1255.7051
NCM17,OUT045,654.9096
FDA22,OUT045,2621.8337
NCA41,OUT018,2914.6855
FDF38,OUT035,729.8957
FDH52,OUT046,1047.8724
FDY58,OUT019,657.81665
FDZ16,OUT045,3184.539
NCM18,OUT017,1014.0707
FDA22,OUT018,2429.4583
NCJ43,OUT035,2901.3147
FDI34,OUT027,5805.043
FDG56,OUT046,1042.397
FDS34,OUT046,1976.7249
DRC01,OUT035,875.9069
FDQ04,OUT035,667.4617
FDK04,OUT035,1021.4437
FDT51,OUT049,1718.7778
FDV26,OUT017,3307.3057
FDS04,OUT049,2279.9998
FDW43,OUT018,3580.6406
FDQ28,OUT010,397.83374
NCK06,OUT017,1948.8418
FDS23,OUT018,1821.8335
FDZ36,OUT019,423.04565
FDE56,OUT018,835.3073
FDW10,OUT027,4707.9995
NCN14,OUT045,2993.9485
NCQ18,OUT045,1475.094
FDW08,OUT017,1705.8164
FDU43,OUT035,3963.0212
FDR33,OUT010,285.86456
FDM24,OUT010,396.72852
NCZ05,OUT046,1772.9106
NCV41,OUT035,1872.8794
FDV11,OUT018,2525.193
NCY05,OUT035,614.6013
FDV44,OUT018,2776.5596
FDW32,OUT049,1310.1685
NCU18,OUT027,3872.0269
NCC43,OUT035,4156.219
FDW19,OUT013,1886.1438
FDN31,OUT035,3211.1482
FDI48,OUT045,773.8984
FDS24,OUT017,1467.6946
FDF46,OUT049,1770.1702
DRG23,OUT017,2482.8809
FDG14,OUT018,2181.1833
NCY30,OUT049,3080.7598
FDO28,OUT018,1692.9192
DRD24,OUT035,2372.7896
FDI33,OUT049,1388.7466
FDN32,OUT046,2994.9185
FDR16,OUT045,3448.9092
FDF26,OUT046,2667.0645
NCN29,OUT018,614.0267
FDE20,OUT045,2665.6997
FDA46,OUT046,3060.0999
FDU28,OUT045,3060.0278
FDQ48,OUT045,1518.6799
FDV36,OUT013,2154.062
FDR14,OUT018,682.7542
FDP23,OUT017,3572.9487
FDP56,OUT013,681.90137
FDK48,OUT010,178.14261
FDR48,OUT046,2567.5298
NCY29,OUT049,887.29285
FDM22,OUT018,688.62646
DRJ01,OUT013,2710.4707
FDZ43,OUT045,4030.4263
FDV03,OUT035,2571.9863
FDX11,OUT027,4935.514
NCA41,OUT027,5232.4146
FDE38,OUT017,2685.5935
FDI27,OUT018,595.79016
FDN32,OUT013,3013.6948
NCN43,OUT017,1976.9065
FDB47,OUT027,5439.007
FDV03,OUT017,2578.0442
NCN30,OUT045,1452.7853
NCV54,OUT010,315.65454
FDV07,OUT013,1877.5157
FDP07,OUT049,3403.7664
FDK48,OUT018,1013.9669
FDM15,OUT019,340.97766
FDY19,OUT027,3238.2974
FDK46,OUT046,4172.1943
FDY11,OUT045,1045.3071
FDH09,OUT046,890.4164
FDO08,OUT027,4485.517
FDU14,OUT013,4088.8813
FDD22,OUT027,3035.1272
FDM27,OUT017,2610.7698
FDL02,OUT027,2923.0552
NCA17,OUT035,2456.4932
FDE38,OUT019,369.76672
NCG07,OUT049,3197.9258
DRC27,OUT013,4054.9917
FDA27,OUT035,4238.3027
FDW40,OUT045,2199.816
DRI11,OUT013,1981.9971
FDN50,OUT046,1705.6321
FDR12,OUT046,2887.2341
FDT34,OUT027,2779.7495
FDW11,OUT035,1070.0913
NCO30,OUT027,4964.503
FDZ34,OUT017,3181.5088
FDU45,OUT017,1847.0347
NCD42,OUT035,617.4856
FDX25,OUT045,2903.5708
NCR29,OUT046,952.62134
FDX43,OUT019,401.07996
FDB04,OUT010,240.05142
FDR49,OUT027,1250.0105
FDS39,OUT018,2018.9209
FDW58,OUT045,1597.4647
FDG22,OUT019,156.59355
FDG31,OUT017,1033.7571
NCV53,OUT027,6072.956
DRJ37,OUT035,2496.8088
FDV07,OUT035,1826.0457
FDW52,OUT018,2440.26
FDT15,OUT045,2965.9424
FDD02,OUT018,1660.0194
FDM16,OUT035,1295.0791
NCE55,OUT046,2871.9146
FDB57,OUT018,3468.0417
FDQ04,OUT013,521.5343
FDQ47,OUT019,54.22874
FDY14,OUT019,704.4165
DRK37,OUT017,3065.8052
FDO25,OUT017,3463.671
FDL57,OUT046,4155.41
NCK29,OUT018,1746.7152
FDK46,OUT027,6247.258
NCB43,OUT010,449.88416
DRE01,OUT027,5845.6943
FDC46,OUT018,2776.3086
FDQ23,OUT045,1559.4045
FDX38,OUT049,796.01013
FDG60,OUT018,3716.6772
FDW55,OUT017,4083.8296
FDP39,OUT013,695.02344
FDB20,OUT018,1099.9954
FDV21,OUT017,2042.7563
FDZ02,OUT013,1631.4371
FDP19,OUT027,3451.3198
FDA38,OUT035,4046.577
FDH22,OUT045,1913.0845
DRM11,OUT045,4285.872
FDO12,OUT027,5343.6104
FDT14,OUT049,1880.5454
FDW34,OUT010,587.5382
FDG04,OUT027,5125.501
FDW59,OUT018,1173.0049
FDR33,OUT018,1542.435
FDP32,OUT013,2317.6177
FDL13,OUT027,6013.367
FDD22,OUT013,1867.6605
FDV40,OUT027,2021.5146
NCD55,OUT046,725.84973
FDQ20,OUT010,42.686398
FDD28,OUT045,877.00696
FDC39,OUT045,3365.9143
NCR17,OUT049,1831.2885
DRO35,OUT018,1619.4982
FDF40,OUT049,4097.2627
FDR31,OUT018,2080.9302
NCQ41,OUT017,3258.6362
FDP38,OUT046,824.84076
NCU54,OUT027,5495.8716
FDG22,OUT018,527.9277
DRK59,OUT013,3867.906
FDC37,OUT046,1920.2037
NCO42,OUT013,2375.1895
NCT42,OUT017,2441.8625
FDX27,OUT035,1565.2664
FDV40,OUT018,1001.2495
FDT45,OUT027,1446.5408
FDS47,OUT019,131.90729
FDR45,OUT035,3945.7515
FDB03,OUT045,3945.0579
FDO49,OUT035,934.1615
FDU60,OUT027,4577.751
FDB26,OUT018,675.3655
FDB46,OUT017,3556.0483
FDQ37,OUT019,421.8308
FDN03,OUT017,4114.606
NCX30,OUT045,4039.1003
FDK32,OUT019,348.75775
DRM47,OUT013,3205.2603
NCO02,OUT046,1122.7078
FDP04,OUT013,927.20544
NCO43,OUT049,1520.886
FDD59,OUT013,1258.2366
FDQ10,OUT017,2830.6975
FDW45,OUT035,2472.2388
NCK30,OUT049,4160.5215
FDU31,OUT018,3281.7168
NCQ17,OUT019,297.8866
FDN01,OUT017,2857.559
FDZ19,OUT049,2896.874
DRG37,OUT017,2583.7275
FDE32,OUT045,595.14087
FDO34,OUT049,2832.6338
FDM04,OUT019,161.19891
FDZ25,OUT049,2910.5684
FDU08,OUT049,1517.9613
NCW30,OUT045,4240.759
NCM18,OUT013,882.62476
FDS22,OUT035,710.042
NCH18,OUT017,4016.7363
FDC23,OUT013,2893.1226
FDY46,OUT013,3019.7126
NCU06,OUT046,3634.0947
FDX57,OUT045,1485.5199
FDX36,OUT027,5842.5933
FDL16,OUT045,669.4175
FDT16,OUT010,654.485
FDN16,OUT018,1458.7556
FDC03,OUT046,3317.5598
DRF60,OUT013,3964.646
FDS27,OUT027,5258.219
FDP33,OUT010,580.08435
FDJ36,OUT018,1479.1674
NCR42,OUT013,412.78937
FDV14,OUT017,1405.69
NCP42,OUT035,3262.9495
FDB50,OUT027,2155.1836
NCC30,OUT027,4781.4434
FDA23,OUT018,1410.9585
FDW16,OUT017,1497.818
FDQ52,OUT010,553.88477
FDB58,OUT049,2329.3337
NCP29,OUT049,928.80994
NCM05,OUT045,4315.788
FDO25,OUT013,3582.2373
NCM54,OUT046,2203.9949
NCL54,OUT046,2823.4722
FDL39,OUT010,455.24207
FDF53,OUT018,2708.8213
NCQ42,OUT035,2120.2493
FDF58,OUT013,918.5029
FDZ04,OUT035,1116.2273
FDE26,OUT019,286.41565
FDS60,OUT017,3003.1885
FDV58,OUT017,3293.6567
FDM04,OUT045,786.094
FDE08,OUT035,2436.4595
NCB43,OUT049,3199.8318
FDU11,OUT010,298.91296
FDF22,OUT019,548.5281
FDE24,OUT013,2340.8887
DRJ49,OUT046,2201.5027
NCQ53,OUT035,3919.6318
NCL41,OUT013,474.76947
FDR22,OUT013,1827.0206
FDH04,OUT035,1568.7312
DRH15,OUT045,671.64496
FDY40,OUT049,824.7979
NCI17,OUT035,1625.9304
NCC18,OUT013,2839.8953
FDY28,OUT027,5552.2236
FDB45,OUT027,2888.1096
NCL30,OUT018,1807.2876
FDM10,OUT017,3528.6018
FDH22,OUT027,3405.9326
NCZ53,OUT017,3124.7485
NCI18,OUT013,3624.9226
FDH14,OUT027,3896.3188
FDR36,OUT027,1181.0492
FDW01,OUT045,2354.2114
FDK02,OUT027,3284.5962
FDJ02,OUT018,2142.7651
FDU55,OUT013,4245.9326
NCV18,OUT027,2309.1863
FDH14,OUT018,2016.1252
FDZ37,OUT045,1347.6311
FDX49,OUT049,4036.3618
NCD43,OUT046,1800.0026
FDZ07,OUT013,913.5255
FDK43,OUT035,2093.3408
FDR32,OUT018,3515.1777
FDT39,OUT013,2612.7444
NCV54,OUT017,1950.5723
FDF38,OUT018,543.3436
FDV60,OUT046,3214.413
FDH44,OUT027,3958.708
FDS21,OUT046,1099.2483
NCL41,OUT045,540.8564
FDM46,OUT017,1543.4377
FDU27,OUT045,727.79364
NCJ54,OUT017,3831.3022
DRG51,OUT018,2399.9417
NCA29,OUT019,399.91272
FDR47,OUT045,3160.1536
NCL19,OUT027,3846.8955
DRG01,OUT049,1161.781
FDG10,OUT046,965.7145
NCV05,OUT049,2508.4038
NCH18,OUT019,650.2018
FDV14,OUT018,1186.4355
DRJ23,OUT035,3214.484
DRJ11,OUT046,3065.2344
FDZ03,OUT017,3088.3467
FDI27,OUT010,58.34904
FDJ14,OUT018,1164.8612
FDU32,OUT017,1948.3894
FDD47,OUT027,4516.7544
DRF36,OUT035,3201.206
FDM21,OUT046,4011.2715
FDV10,OUT018,556.3751
FDH60,OUT018,2960.917
FDX47,OUT010,423.32434
FDT19,OUT019,403.88123
FDO11,OUT045,4168.702
FDH24,OUT027,4355.6387
FDL02,OUT018,1514.3627
FDB02,OUT049,2971.4512
FDA43,OUT046,3193.3672
FDG52,OUT045,665.8206
DRC12,OUT013,3072.247
FDY37,OUT018,2066.0552
NCU18,OUT045,2174.7603
FDU09,OUT035,979.0176
DRJ25,OUT027,1276.3096
DRE12,OUT018,1612.0364
DRL47,OUT017,2065.0508
DRK01,OUT046,1623.8899
FDC22,OUT019,443.3496
FDG44,OUT013,720.319
FDW04,OUT035,2172.0332
FDK09,OUT049,3712.1252
NCN43,OUT035,2027.8003
FDG04,OUT049,3204.8206
FDH32,OUT010,250.53113
DRI47,OUT017,2398.393
DRE15,OUT013,1148.9034
FDY11,OUT035,1206.8713
FDO60,OUT049,771.1196
FDQ20,OUT018,531.394
FDO57,OUT027,4293.005
FDT14,OUT019,239.57166
FDA57,OUT049,760.994
DRN35,OUT017,561.17194
FDJ03,OUT046,860.4558
FDX28,OUT017,1614.2891
DRE25,OUT045,1343.0715
FDR09,OUT046,4093.413
FDB23,OUT035,3780.977
FDO08,OUT045,2574.8262
FDQ23,OUT049,1528.8909
FDW04,OUT013,2289.8003
DRK13,OUT010,446.55164
NCL17,OUT027,3858.149
FDY21,OUT035,3264.1323
FDJ38,OUT027,5154.1562
FDA37,OUT019,285.1167
FDV43,OUT013,601.44763
FDL36,OUT046,1627.1993
FDD53,OUT045,594.6853
FDZ19,OUT010,399.2058
FDV21,OUT045,1931.4902
NCL54,OUT018,2532.1038
DRI47,OUT027,3942.2227
DRG03,OUT049,2605.9756
FDG21,OUT013,2462.187
FDW03,OUT018,1502.6144
NCI55,OUT046,2117.8599
DRC36,OUT019,440.65833
FDH22,OUT017,2064.28
FDV20,OUT045,1981.3889
NCU41,OUT027,5195.6978
FDN46,OUT027,2773.0796
FDK50,OUT045,2508.21
NCA05,OUT027,4017.4783
DRH01,OUT018,2587.837
FDT08,OUT018,2156.5742
FDM08,OUT018,3446.0542
FDZ07,OUT035,1056.0078
FDS22,OUT017,728.90326
FDV35,OUT027,4260.585
FDI28,OUT010,226.69159
FDW58,OUT027,2935.6816
FDT52,OUT045,4053.1184
FDY34,OUT046,2706.9521
FDR10,OUT046,2608.6694
FDK57,OUT017,1949.307
FDR02,OUT027,3042.0288
FDX49,OUT046,3875.7612
FDQ20,OUT046,686.86487
DRK23,OUT045,4128.3813
NCW06,OUT046,3067.6702
FDR31,OUT017,2397.6824
NCE43,OUT013,2790.3738
DRO59,OUT027,2119.9878
FDN09,OUT049,3968.269
FDR11,OUT046,2726.065
FDO57,OUT013,2590.2822
NCX18,OUT017,3275.1472
FDB05,OUT018,3851.4277
FDQ08,OUT018,801.72644
NCG43,OUT035,1542.4512
FDJ56,OUT013,1668.3582
FDA13,OUT010,40.837048
FDO56,OUT017,1890.9409
FDB37,OUT018,3808.7256
FDZ02,OUT018,1380.6931
FDQ24,OUT046,4032.2559
FDM16,OUT013,1140.8529
FDU35,OUT049,1497.7041
FDT35,OUT035,2846.1252
NCX30,OUT049,4028.479
FDG04,OUT017,3096.7773
FDI12,OUT035,1478.9617
FDE35,OUT035,1052.8997
NCP14,OUT027,2873.98
NCY53,OUT045,1668.981
FDP49,OUT017,908.76587
FDQ04,OUT017,655.54205
FDM39,OUT035,2948.5688
FDO58,OUT019,371.7387
FDC56,OUT017,1916.0264
NCQ54,OUT046,2723.6824
FDV10,OUT027,1148.1836
NCK17,OUT046,706.9067
NCF55,OUT027,1022.9861
FDV33,OUT013,4282.0044
NCH29,OUT019,216.78333
FDA37,OUT027,3452.7449
FDH46,OUT018,1470.0706
FDS25,OUT035,1839.4983
FDH04,OUT027,2509.651
FDX52,OUT046,3162.9385
NCD42,OUT017,565.13745
FDW47,OUT017,1990.4995
FDL25,OUT027,2553.5974
NCJ06,OUT010,351.19385
FDY09,OUT013,2840.7158
FDS40,OUT046,690.1007
FDH41,OUT017,3552.2617
FDG38,OUT035,1462.2198
FDU03,OUT027,4827.3438
FDV20,OUT046,2228.3381
DRB13,OUT045,3035.8281
NCQ30,OUT013,2063.9692
NCH06,OUT013,4007.3152
FDU50,OUT018,1601.8762
NCO42,OUT019,321.39758
FDW09,OUT018,1128.6538
FDH04,OUT013,1507.2341
FDC21,OUT045,1652.9427
FDL21,OUT049,760.50903
FDM46,OUT010,192.44427
FDT22,OUT019,117.01388
FDB28,OUT035,3308.874
FDI12,OUT018,1264.3955
FDA28,OUT045,1945.8901
FDF59,OUT013,2111.2065
FDM45,OUT027,3271.001
FDQ56,OUT017,1367.0581
FDR46,OUT049,2392.94
FDT01,OUT013,3517.5913
FDD16,OUT027,2085.7139
NCU30,OUT010,385.32214
FDM40,OUT010,308.64014
FDI56,OUT035,1563.6611
NCS30,OUT013,2189.5024
FDU08,OUT017,1580.4875
FDX51,OUT027,5243.879
FDA43,OUT045,3164.497
FDX59,OUT010,31.375986
FDC37,OUT018,1464.434
FDP58,OUT013,3573.6304
NCY42,OUT035,2337.144
FDF21,OUT018,2808.166
FDU10,OUT027,1048.4119
DRL47,OUT018,1771.044
FDA58,OUT018,3671.747
FDJ22,OUT049,3264.2734
FDK50,OUT046,2691.996
FDO38,OUT035,1308.794
DRF60,OUT035,3959.2114
NCZ42,OUT019,646.9602
FDD35,OUT049,1858.1688
FDL25,OUT045,1421.5771
FDJ16,OUT013,802.43933
DRK59,OUT049,3948.043
FDI50,OUT046,3811.5796
NCB19,OUT045,1326.8247
DRI37,OUT035,1011.5173
FDA14,OUT027,4037.5957
FDC08,OUT018,3565.6045
FDS45,OUT046,1775.6506
FDI21,OUT049,957.4945
DRJ47,OUT035,2919.7324
DRE37,OUT027,5018.289
FDT55,OUT018,2314.4058
NCG42,OUT027,3513.7188
FDA31,OUT049,2827.5676
NCW42,OUT046,3523.6274
FDF50,OUT017,3192.901
FDK56,OUT049,3135.261
FDX10,OUT035,618.0706
NCK07,OUT027,4393.413
FDZ49,OUT017,3686.7554
FDR33,OUT013,1804.4478
FDO44,OUT018,1539.7894
FDA20,OUT046,3089.0405
NCL30,OUT045,1958.3809
FDI05,OUT019,150.5227
FDQ12,OUT018,3527.0269
FDH47,OUT017,1585.5947
FDH34,OUT018,2730.7651
FDF29,OUT046,2323.9937
FDG40,OUT018,463.99283
NCE18,OUT017,4074.65
FDP21,OUT010,471.59912
FDY50,OUT013,1420.0037
FDB36,OUT049,2059.275
NCZ29,OUT049,2049.3606
FDU20,OUT018,1685.9478
FDO56,OUT013,2033.0483
FDW31,OUT049,3379.3499
DRH59,OUT013,1134.9473
NCB30,OUT017,3290.1802
FDK43,OUT027,3480.665
FDW43,OUT045,3797.5679
NCL19,OUT017,2329.5073
FDJ27,OUT046,1740.8816
FDC45,OUT046,2822.2227
FDY40,OUT035,896.7068
NCM41,OUT035,1514.4585
NCK18,OUT019,389.9934
FDP37,OUT049,2102.333
FDA27,OUT027,6344.515
NCX30,OUT035,4081.6094
FDR09,OUT017,4129.4644
FDG08,OUT027,4615.9443
NCU30,OUT013,2784.5295
FDB16,OUT017,1426.0431
FDM16,OUT017,1238.142
FDC48,OUT013,1311.2733
NCF18,OUT046,3030.0703
FDU46,OUT018,1290.5707
FDH41,OUT018,3246.123
NCN42,OUT010,405.7166
FDU49,OUT046,1601.4181
FDB20,OUT027,2164.9292
FDG50,OUT019,208.62854
FDW20,OUT045,1863.3287
NCO55,OUT049,1688.5896
FDX48,OUT046,2615.1714
FDU48,OUT046,2319.8916
FDR48,OUT019,298.50623
FDK27,OUT013,2086.2705
FDT35,OUT013,2762.7236
FDN12,OUT049,1741.1646
NCE31,OUT019,64.86442
FDL21,OUT017,649.0062
FDV56,OUT017,1739.4323
FDR16,OUT017,3564.5032
NCP41,OUT049,1717.0072
FDJ27,OUT013,1655.9578
FDA07,OUT017,1996.48
FDK55,OUT049,1383.52
FDM33,OUT049,3610.7192
FDY46,OUT046,2973.4712
FDD36,OUT046,2125.077
FDB12,OUT027,2813.6025
FDF28,OUT019,293.11993
NCE07,OUT019,322.9571
FDW50,OUT027,4486.749
NCW18,OUT017,3893.0369
NCJ17,OUT019,142.13403
DRZ24,OUT010,288.97723
FDS07,OUT035,1906.918
NCW05,OUT010,276.01294
FDZ22,OUT018,1167.4492
FDK02,OUT046,2120.6426
FDZ45,OUT027,5276.453
FDL25,OUT046,1538.3159
FDS08,OUT045,2746.634
NCZ42,OUT027,5975.4536
FDX57,OUT035,1613.4734
FDF21,OUT046,3138.6472
FDJ56,OUT018,1405.0509
FDX10,OUT013,490.3023
DRG48,OUT035,2390.026
DRN37,OUT046,2706.4004
NCY41,OUT018,492.98657
FDN28,OUT045,1568.9592
FDE34,OUT045,2873.5864
FDR10,OUT045,2582.6907
FDC32,OUT017,1506.2216
DRG13,OUT046,2653.9927
FDP59,OUT049,1684.4143
NCT53,OUT010,374.63428
FDL57,OUT027,6179.5356
FDN32,OUT010,471.01392
FDK09,OUT018,3518.4648
FDA52,OUT010,425.6172
FDC57,OUT049,3343.6895
FDI09,OUT035,3958.9143
NCB07,OUT046,3141.6777
FDP26,OUT035,1690.1858
FDP40,OUT027,3091.3877
FDL15,OUT013,2479.724
FDV07,OUT046,1961.7885
FDS03,OUT017,1074.8732
FDE50,OUT049,3226.5234
FDQ15,OUT017,1337.4264
FDQ33,OUT010,363.59558
FDT22,OUT013,833.1756
DRO35,OUT035,1950.0645
FDJ41,OUT049,4348.541
FDQ27,OUT035,1748.6763
FDC26,OUT017,1797.1262
NCF43,OUT027,3896.6472
NCR50,OUT035,2549.2827
FDE39,OUT018,1669.825
FDN49,OUT027,1089.6283
DRG11,OUT035,1767.9205
NCA18,OUT049,1817.5205
FDM36,OUT018,2506.104
FDW32,OUT017,1425.1484
NCQ18,OUT010,247.02136
FDX14,OUT027,2114.0923
FDD46,OUT017,2487.8552
FDI34,OUT019,612.15564
NCJ17,OUT035,1453.0826
FDB52,OUT035,4241.957
FDV55,OUT018,2057.9014
FDC57,OUT046,3100.291
FDB29,OUT046,2060.5781
NCO43,OUT035,1667.0737
FDG44,OUT045,795.4557
FDJ34,OUT045,1958.8403
FDH40,OUT049,1249.6013
NCD07,OUT027,3056.0168
FDB41,OUT017,748.0999
FDH47,OUT018,1383.0212
DRK37,OUT035,3157.1787
FDM25,OUT019,411.72058
NCX06,OUT045,2931.8052
NCS05,OUT017,2171.8293
FDS39,OUT045,2161.4294
FDC47,OUT027,5690.146
FDG20,OUT013,2960.5244
DRL23,OUT017,1720.6052
FDY33,OUT013,2620.9407
NCH18,OUT045,3986.6357
FDX47,OUT035,2534.4514
NCB06,OUT045,2500.2007
FDP36,OUT049,786.6113
FDW44,OUT018,2517.5693
NCU41,OUT018,2883.5342
NCS17,OUT046,1697.3713
FDD46,OUT035,2572.505
FDE45,OUT017,2910.228
FDI09,OUT017,3908.609
NCJ54,OUT010,544.1991
NCA29,OUT018,2507.3
NCN41,OUT027,3349.3364
FDY34,OUT035,2736.9321
NCG55,OUT035,1939.3584
DRM49,OUT046,743.8205
NCB42,OUT049,1814.442
FDE58,OUT045,1783.835
DRJ25,OUT013,733.4066
FDS47,OUT010,227.64172
FDY21,OUT049,3314.4124
NCI54,OUT013,1836.5093
FDO24,OUT017,2560.965
FDY43,OUT035,2805.4766
FDF35,OUT018,1518.1799
NCP29,OUT019,118.75149
FDN28,OUT027,2823.8345
FDJ50,OUT018,680.6937
FDQ14,OUT027,4116.4287
FDC37,OUT035,1797.076
FDN08,OUT046,2070.755
FDD04,OUT035,2326.2715
FDW34,OUT018,3781.8533
FDP04,OUT017,1079.3755
NCG07,OUT017,3098.982
NCN14,OUT018,2760.5447
FDJ16,OUT045,884.0109
NCM42,OUT045,1642.0312
NCF19,OUT046,853.3806
FDY21,OUT018,2960.6077
FDY19,OUT035,1942.8507
FDV09,OUT045,2306.1763
FDA28,OUT013,2147.4084
FDC38,OUT018,1914.5703
FDL28,OUT045,3793.7725
NCH43,OUT049,3700.2817
NCN53,OUT045,484.2063
NCW05,OUT017,1755.1255
NCO30,OUT018,2771.262
FDT04,OUT019,64.99973
FDB27,OUT018,2902.5894
NCK07,OUT013,2758.6758
NCA53,OUT013,653.83496
FDB33,OUT018,2340.4927
FDU37,OUT017,1325.0382
FDR13,OUT035,1925.1919
FDE45,OUT049,3008.5117
FDV37,OUT017,3270.7246
FDX44,OUT019,198.88269
NCL06,OUT017,4226.4565
FDJ28,OUT045,3058.3945
FDX55,OUT049,3674.8672
NCK17,OUT018,517.70026
FDH52,OUT035,1105.9875
FDN13,OUT027,2760.9302
FDK44,OUT018,2536.1602
FDU16,OUT046,1468.5817
FDZ07,OUT017,1000.656
NCN06,OUT027,4407.9507
FDH02,OUT010,273.2022
NCW18,OUT045,3857.8713
FDH57,OUT013,2222.188
FDV35,OUT045,2440.433
NCU29,OUT013,2470.1985
NCP02,OUT046,991.09894
FDN44,OUT013,2683.1357
FDX03,OUT018,570.4288
FDR11,OUT010,366.49695
FDA36,OUT046,3119.402
FDP58,OUT027,5541.005
FDH31,OUT045,1474.3188
FDH34,OUT035,3096.671
FDS13,OUT035,4340.5264
FDT01,OUT018,3258.3518
FDY09,OUT049,2978.267
FDV33,OUT027,6214.171
NCW29,OUT010,341.84613
NCN17,OUT045,1512.989
FDX01,OUT046,2091.3572
FDL03,OUT049,3393.0667
DRL59,OUT049,879.54175
DRM11,OUT027,6309.3555
FDA43,OUT049,3351.085
FDZ56,OUT010,501.13586
FDI44,OUT018,1071.1802
FDB50,OUT013,1221.344
FDU15,OUT019,157.07407
NCJ19,OUT019,137.95316
FDD48,OUT013,2062.191
NCW42,OUT035,3705.9033
FDL24,OUT017,2845.5244
NCB30,OUT013,3250.4204
FDK25,OUT013,2850.3877
FDW28,OUT049,3369.3608
FDD47,OUT017,2836.682
FDK16,OUT019,172.2331
FDW37,OUT046,1653.3589
FDA48,OUT035,3729.4287
FDA14,OUT017,2413.2393
FDV15,OUT013,1655.902
FDN22,OUT049,4073.497
NCD55,OUT045,600.7805
FDY43,OUT013,2771.8352
NCU05,OUT017,1318.2843
FDF10,OUT035,2494.5022
FDR39,OUT018,2759.2107
FDG40,OUT013,436.43872
FDZ28,OUT019,289.44897
FDE02,OUT045,1383.8431
FDU60,OUT049,2903.3064
FDM21,OUT013,4118.7437
FDV52,OUT019,236.6286
NCW06,OUT013,3140.294
FDX36,OUT035,3817.2998
FDT35,OUT027,4610.451
NCL19,OUT010,371.7426
NCD31,OUT046,2699.0562
FDE53,OUT019,239.76959
FDW58,OUT019,256.2727
DRF48,OUT046,3052.652
FDW57,OUT035,2914.106
DRH13,OUT017,1708.667
FDT33,OUT013,2830.0063
DRK47,OUT027,5835.559
FDY22,OUT010,350.1311
FDC35,OUT019,498.63452
FDO03,OUT013,3795.3047
FDF24,OUT045,1218.0804
FDF56,OUT018,2700.1143
FDD28,OUT013,797.2685
FDG53,OUT027,3876.2114
FDO27,OUT019,176.74329
NCF54,OUT018,2540.1538
FDC20,OUT027,1525.2251
FDU10,OUT046,713.36646
DRA24,OUT018,2454.1968
FDA02,OUT010,410.18622
FDG10,OUT017,937.16406
FDW39,OUT010,454.9485
FDP04,OUT019,160.61255
NCM55,OUT013,3028.1377
FDG47,OUT045,4178.3203
NCU41,OUT017,3213.9077
NCK31,OUT017,825.12714
FDZ46,OUT045,1663.7682
FDU13,OUT027,4019.6355
NCF19,OUT045,721.61334
NCJ43,OUT013,2902.2534
NCJ05,OUT045,2400.7695
FDS04,OUT027,3743.2913
FDX28,OUT010,300.63293
FDB41,OUT027,1243.723
FDG53,OUT046,2386.9604
FDL15,OUT010,398.7213
FDQ08,OUT049,974.20154
DRN36,OUT013,1540.1179
FDI46,OUT013,4130.3315
FDG16,OUT027,5616.6245
FDV32,OUT013,889.8917
FDF44,OUT010,336.24023
FDK04,OUT018,748.46216
NCA41,OUT013,3167.808
FDD51,OUT017,678.18256
NCZ53,OUT045,3006.2422
FDP01,OUT027,4149.3545
FDY25,OUT049,3092.212
FDB17,OUT018,2630.3232
NCV54,OUT018,1668.8767
FDJ32,OUT017,1043.0333
FDA37,OUT049,1966.0781
FDG35,OUT035,2897.8208
NCM05,OUT018,4182.263
FDG45,OUT046,3491.7576
FDH28,OUT013,535.5882
NCE18,OUT049,4109.708
FDH38,OUT045,1766.8711
FDR56,OUT013,3286.9636
FDH17,OUT027,2683.7173
FDD39,OUT049,3676.475
FDB41,OUT049,821.2543
NCR53,OUT046,3595.6663
FDX46,OUT017,954.44
FDV28,OUT049,682.47925
FDA08,OUT018,2424.444
FDH45,OUT017,667.188
NCS38,OUT010,272.96136
FDD40,OUT010,517.8291
DRM59,OUT035,2485.375
NCJ43,OUT018,2532.9597
NCN29,OUT013,710.1801
NCC19,OUT045,3044.025
FDR56,OUT035,3334.8489
FDZ43,OUT049,4059.4956
FDJ32,OUT010,122.13567
DRH03,OUT017,1488.8046
NCZ54,OUT035,2712.9822
FDE26,OUT017,2375.2114
FDS03,OUT045,980.7104
DRZ24,OUT019,229.71637
FDO48,OUT027,5820.8267
FDW39,OUT049,2906.2405
NCK05,OUT049,970.1819
NCK30,OUT017,4201.02
FDT27,OUT018,3681.1104
FDS08,OUT019,403.87537
NCJ19,OUT049,908.8589
FDC58,OUT045,613.3454
DRE37,OUT013,3071.2954
FDW02,OUT035,2098.4937
FDJ02,OUT010,436.4541
FDX09,OUT045,2820.8408
FDT31,OUT010,486.1333
FDI24,OUT049,3004.5913
FDY09,OUT045,2801.292
FDV28,OUT045,540.33386
DRM47,OUT049,3249.9966
FDT52,OUT019,679.5648
FDI48,OUT018,712.01685
FDY55,OUT017,4172.802
FDU48,OUT013,2190.581
FDN25,OUT045,864.17554
FDP20,OUT049,2096.2454
FDJ15,OUT013,3130.9136
FDD04,OUT018,2021.6648
FDY58,OUT045,3760.7769
FDR37,OUT018,2728.0686
FDF44,OUT013,2282.7927
FDD32,OUT045,1226.8877
FDR57,OUT017,2567.5403
DRG39,OUT027,1516.9233
FDX15,OUT017,2637.8809
DRN37,OUT045,2583.5076
FDW40,OUT027,3886.1597
FDB32,OUT049,1473.7172
FDM40,OUT018,2060.955
FDE39,OUT027,3340.496
DRH49,OUT017,1357.0767
FDT46,OUT049,821.3064
NCF06,OUT035,4241.593
FDP07,OUT017,3276.044
FDC04,OUT013,3940.399
FDZ32,OUT017,1665.1028
FDD50,OUT045,2707.62
FDU56,OUT017,3075.5874
FDV34,OUT017,1220.5667
NCY41,OUT013,504.4331
NCK18,OUT046,2733.891
DRH25,OUT049,896.56036
FDT57,OUT046,3785.6882
FDV56,OUT018,1501.6777
FDV12,OUT045,1481.592
FDN52,OUT017,1466.2832
FDX38,OUT035,854.14557
FDE47,OUT018,1717.5686
NCO07,OUT013,3503.7842
FDV09,OUT027,4047.5134
FDZ23,OUT019,417.43127
DRH51,OUT018,1225.186
NCY54,OUT045,2678.7563
DRG49,OUT013,4033.9976
NCC19,OUT049,3238.9644
NCV53,OUT045,3963.4055
FDZ47,OUT019,257.12
NCO26,OUT018,1616.7832
NCP02,OUT045,935.28174
NCW30,OUT018,4047.8147
NCN55,OUT046,3842.327
FDB20,OUT010,170.92688
DRL11,OUT013,2629.358
DRD60,OUT045,2892.3796
FDW14,OUT010,285.24417
FDL27,OUT010,134.34598
FDU09,OUT018,743.5021
DRH36,OUT027,2023.2495
FDP34,OUT027,4159.8447
FDE04,OUT017,2985.871
FDZ57,OUT027,3503.2686
FDF02,OUT010,269.20026
FDG28,OUT045,4057.835
NCI31,OUT046,722.62415
FDT43,OUT013,725.49084
FDU20,OUT046,2165.5554
FDD53,OUT013,577.1669
FDW15,OUT045,2323.0403
NCT53,OUT045,2505.442
NCG55,OUT027,3133.8823
FDD48,OUT035,1892.5803
FDG47,OUT049,4250.3047
FDI21,OUT017,1054.858
FDT27,OUT017,3879.7964
DRO35,OUT013,1950.3408
FDD33,OUT017,3843.0254
FDC04,OUT035,4045.3318
FDY34,OUT013,2755.2002
DRJ49,OUT049,1999.29
FDE05,OUT049,2355.7705
FDU31,OUT017,3637.6714
NCN19,OUT027,5067.507
FDK56,OUT027,4977.1855
FDK58,OUT017,1681.2825
NCJ42,OUT035,1707.695
FDZ34,OUT027,5108.151
FDA52,OUT018,2600.4976
NCR29,OUT013,746.14294
FDT48,OUT035,3333.311
DRJ51,OUT019,544.4061
NCS54,OUT046,2881.5034
FDV01,OUT035,2594.3198
DRG51,OUT027,4483.1553
NCG42,OUT013,2156.654
FDA51,OUT049,1768.1361
FDV19,OUT010,422.1623
NCT18,OUT045,2914.407
NCS41,OUT045,2954.1826
FDO03,OUT046,3706.0105
FDL12,OUT010,145.7157
FDY37,OUT010,427.2426
FDI58,OUT049,1399.0688
FDT28,OUT018,2151.708
NCC42,OUT010,358.9704
FDO01,OUT017,2167.388
FDJ02,OUT013,2469.937
FDQ04,OUT018,552.16394
DRL47,OUT013,2065.7368
FDZ32,OUT035,1780.2354
FDC35,OUT035,3442.651
FDX14,OUT045,1102.5281
FDZ35,OUT013,1797.7258
FDL14,OUT013,2693.3198
FDO04,OUT049,876.28235
DRK11,OUT017,2488.781
FDB44,OUT018,3165.4846
FDZ50,OUT049,3138.97
FDI12,OUT027,2460.0503
FDU43,OUT017,3933.5527
FDD58,OUT010,249.86853
FDB27,OUT017,3211.974
FDB04,OUT018,1226.5945
NCO17,OUT013,2040.4424
FDL12,OUT017,970.65466
DRJ13,OUT049,2656.4468
FDD57,OUT045,1452.5203
FDW19,OUT035,1859.4628
DRD27,OUT018,1382.0594
FDH27,OUT027,3968.1387
NCW30,OUT027,6298.4688
FDR40,OUT018,1132.998
FDG05,OUT013,2655.8284
NCY41,OUT019,70.04565
FDI38,OUT018,3137.497
FDR20,OUT046,812.7326
FDE09,OUT017,1741.7625
FDN50,OUT019,234.75854
DRF27,OUT045,2336.9668
DRF51,OUT013,483.26593
NCO02,OUT019,145.92505
FDB51,OUT027,1732.2322
FDJ50,OUT013,708.4557
FDN52,OUT013,1361.3253
FDX14,OUT013,1172.298
FDT27,OUT019,629.9673
FDV10,OUT013,570.23663
FDU33,OUT046,755.4132
FDU58,OUT046,3055.389
NCP42,OUT027,5256.4585
FDL51,OUT027,5683.4834
DRH15,OUT027,1231.124
FDU16,OUT017,1418.9828
FDW15,OUT017,2486.7168
FDQ44,OUT045,1868.7339
NCI06,OUT027,4851.4805
DRK23,OUT019,661.7411
FDC28,OUT035,1816.4141
NCY17,OUT019,126.22692
NCV05,OUT018,2213.7478
FDM34,OUT019,281.77747
DRD60,OUT027,4887.4517
FDT38,OUT046,1546.3877
FDQ57,OUT018,2077.7214
FDE59,OUT027,990.85187
NCM43,OUT046,2667.0664
DRI51,OUT049,2920.464
NCG30,OUT017,2058.7588
NCK54,OUT035,1909.6577
FDQ16,OUT019,237.94775
FDI36,OUT013,3384.5962
FDX16,OUT027,4050.5317
FDA34,OUT046,2801.5508
FDJ48,OUT018,3877.187
FDU47,OUT035,2310.3762
FDS39,OUT046,2411.3794
FDD11,OUT046,4008.0122
FDM16,OUT027,2043.0876
FDU56,OUT018,2709.3904
FDQ32,OUT017,2023.9082
DRK35,OUT013,487.6795
FDA58,OUT049,3839.6619
DRG48,OUT019,336.13324
FDT59,OUT010,558.63257
FDQ31,OUT019,214.16138
FDS51,OUT018,835.18604
FDW32,OUT027,2386.8833
FDI15,OUT027,6330.833
NCV30,OUT017,1031.8818
DRG25,OUT049,3156.2017
FDT02,OUT013,419.95007
FDO33,OUT027,3066.2869
FDP38,OUT035,895.29724
FDZ45,OUT035,3330.2507
NCA54,OUT027,4858.635
FDU33,OUT017,702.64307
FDN58,OUT017,3865.9907
FDI05,OUT045,1184.2427
FDM57,OUT019,197.1514
NCS42,OUT027,2458.2188
FDB57,OUT045,3679.1787
FDC03,OUT045,3154.924
FDZ58,OUT013,1968.0535
NCK29,OUT045,1890.4779
NCR53,OUT045,3670.1997
FDE26,OUT027,3971.3667
FDU52,OUT049,2525.9177
FDE41,OUT027,2314.2422
FDU38,OUT018,2802.4827
FDA52,OUT017,2926.77
FDW46,OUT046,1113.2771
DRI59,OUT035,3789.2422
FDT38,OUT035,1407.0608
FDL33,OUT018,2904.4468
FDQ01,OUT027,6219.85
FDJ08,OUT046,3117.4956
FDQ47,OUT049,588.2871
NCZ18,OUT013,4124.023
FDE29,OUT017,985.76843
FDF10,OUT027,3879.5352
FDC48,OUT049,1254.4285
FDY58,OUT013,3749.6106
NCX30,OUT010,605.2488
FDV11,OUT013,3011.3508
FDT46,OUT046,842.3627
DRD01,OUT019,147.6835
FDQ11,OUT013,4294.8516
NCM41,OUT017,1501.6329
NCC55,OUT013,481.16876
FDG45,OUT027,5588.606
NCQ54,OUT049,2855.2754
FDM34,OUT045,1999.9564
FDD17,OUT019,625.82446
FDN38,OUT027,6240.756
FDB53,OUT018,2133.3767
NCL06,OUT035,4291.6577
NCV18,OUT019,158.81824
FDX25,OUT013,3020.7068
FDB39,OUT046,932.60706
FDC33,OUT049,3356.3289
NCO14,OUT018,558.49023
FDA58,OUT027,5862.334
NCQ02,OUT017,3077.1836
NCR53,OUT017,3740.7588
FDN52,OUT046,1490.2991
FDG26,OUT046,4092.631
FDE23,OUT027,1243.7089
DRI37,OUT013,894.2459
DRH37,OUT018,2461.289
FDO01,OUT035,2149.0972
FDK45,OUT049,1767.4216
FDP23,OUT049,3811.926
FDM33,OUT035,3670.131
FDD36,OUT017,1948.2795
FDL56,OUT017,1401.0585
FDT27,OUT010,557.67847
FDG52,OUT017,688.3141
NCL42,OUT035,4025.338
DRJ24,OUT046,3023.1094
FDV38,OUT046,934.4046
FDT35,OUT045,2727.2153
FDY51,OUT045,3584.4844
FDC37,OUT017,1702.814
NCP43,OUT013,2961.2834
FDO33,OUT045,1708.3906
FDW04,OUT018,1869.1819
NCC31,OUT046,2579.393
FDK22,OUT049,3628.276
FDJ50,OUT017,886.2745
FDV13,OUT017,1461.6294
DRL60,OUT017,2488.3076
FDW03,OUT017,1679.3573
FDY27,OUT035,2926.934
FDB39,OUT027,1513.7699
FDU59,OUT045,2507.1199
FDZ57,OUT049,2056.6663
FDO21,OUT049,3744.772
FDS43,OUT018,2765.1409
FDU28,OUT010,470.75476
FDC51,OUT010,393.3485
FDW16,OUT010,348.6283
FDP32,OUT010,291.94812
FDB60,OUT019,447.80957
NCQ30,OUT046,2068.6196
FDD26,OUT049,3121.2822
FDI44,OUT045,1145.0996
DRH23,OUT046,944.62067
FDO44,OUT046,1924.3702
FDG04,OUT046,3067.3838
FDM32,OUT027,2557.6992
FDM09,OUT013,2824.5984
FDZ47,OUT013,1638.955
FDM40,OUT027,3866.0771
FDY48,OUT017,1619.8154
NCM30,OUT045,642.10504
FDX36,OUT010,533.2356
DRF03,OUT017,608.4717
FDN51,OUT049,4225.5664
FDM57,OUT049,1283.2296
FDB35,OUT049,1440.6819
FDY13,OUT027,2184.969
FDA37,OUT017,2052.035
NCX53,OUT017,2359.646
FDD59,OUT018,1152.813
FDX10,OUT019,69.694176
FDC03,OUT018,2907.9717
FDW43,OUT035,3819.161
FDW10,OUT046,2814.0347
FDY14,OUT027,6372.1216
FDV43,OUT045,641.3724
FDO40,OUT013,2490.0498
FDP46,OUT027,2460.405
NCE43,OUT019,349.26233
FDD05,OUT035,2001.5876
FDJ60,OUT010,434.34717
DRE27,OUT018,1400.1934
FDO11,OUT035,4206.7676
DRG11,OUT027,2939.9214
FDK33,OUT010,542.55994
DRM23,OUT045,2704.1802
FDJ02,OUT027,4011.1963
NCZ05,OUT045,1575.1168
NCL30,OUT013,2076.529
FDZ19,OUT018,2514.525
FDM45,OUT049,1868.4348
FDO36,OUT046,2922.5188
NCK31,OUT045,743.2849
DRJ37,OUT045,2365.388
FDP24,OUT018,1697.8899
FDF46,OUT013,1885.2736
FDX46,OUT019,158.64172
NCL18,OUT045,3141.3184
FDJ26,OUT013,3534.2573
FDJ07,OUT045,1740.7831
FDY15,OUT013,2570.786
DRG01,OUT045,1111.5176
FDF58,OUT045,967.41876
FDZ14,OUT019,279.1482
FDP31,OUT049,1016.2815
FDH45,OUT013,576.07263
FDA09,OUT010,414.98865
FDW31,OUT035,3353.3774
FDA57,OUT046,773.7359
NCE55,OUT035,2918.2788
FDC17,OUT019,532.85913
FDC59,OUT013,1008.26685
FDA22,OUT013,2785.4133
FDK52,OUT035,3772.1838
NCM26,OUT046,2499.5808
NCT53,OUT035,2709.9878
FDW45,OUT018,2184.71
NCI18,OUT035,3726.9307
FDE38,OUT018,2352.8726
FDF08,OUT019,207.86298
FDY58,OUT010,539.156
FDF58,OUT019,169.66837
FDX39,OUT017,3507.7026
FDB44,OUT049,3665.4104
FDF28,OUT013,2140.2905
FDE39,OUT013,2065.4744
FDT37,OUT018,3985.9385
FDZ45,OUT017,3311.2368
FDO40,OUT035,2501.9736
FDM57,OUT027,2293.2783
DRG36,OUT017,2847.1055
FDY36,OUT010,208.77612
DRL60,OUT027,4082.359
FDS25,OUT019,215.41833
DRF49,OUT027,3012.44
FDP16,OUT045,4006.1191
FDS60,OUT049,3149.882
FDU15,OUT027,1051.504
FDK43,OUT046,2159.451
FDN25,OUT046,982.417
FDE53,OUT049,1616.8895
FDB22,OUT013,2589.781
FDE39,OUT017,1926.898
FDX35,OUT035,3833.458
NCG54,OUT049,2833.2231
FDH27,OUT035,2378.0718
NCK42,OUT013,3583.1262
FDS25,OUT049,1660.231
FDI10,OUT018,2543.9756
FDU35,OUT035,1648.6404
FDI04,OUT017,3331.1172
DRK23,OUT035,4162.521
FDB53,OUT019,272.78912
FDY02,OUT049,4365.8813
FDM60,OUT035,707.74536
NCJ31,OUT010,503.51904
DRP35,OUT017,2085.9062
NCQ30,OUT018,1715.3926
DRL11,OUT010,383.7539
FDU01,OUT013,3063.0378
FDR39,OUT035,3041.895
FDO08,OUT046,2764.6304
FDC02,OUT045,4225.0835
NCZ29,OUT035,2123.0764
FDF29,OUT010,403.77795
FDZ23,OUT017,3142.0874
NCU53,OUT018,2366.5334
NCW30,OUT013,4268.762
NCM26,OUT027,4173.6323
FDV50,OUT027,3342.834
FDW15,OUT049,2421.8223
FDI35,OUT027,4872.026
FDO11,OUT017,4099.8804
FDN48,OUT046,1633.5481
NCA17,OUT049,2531.2642
NCN54,OUT013,1233.3235
FDP22,OUT013,737.5346
NCB54,OUT035,2087.7698
FDD08,OUT045,543.23553
DRM48,OUT010,38.43054
FDG41,OUT027,3025.103
FDE44,OUT027,1296.9341
FDE26,OUT035,2370.0825
NCS38,OUT013,1932.9805
NCJ54,OUT018,3543.4893
FDI40,OUT019,198.9289
FDN45,OUT018,3487.4045
FDU43,OUT046,3829.4639
FDI04,OUT010,476.96533
NCC07,OUT018,1449.1101
NCC07,OUT019,239.41199
NCD18,OUT045,3787.7148
FDU55,OUT035,4254.4766
FDX59,OUT035,602.2391
FDR52,OUT049,3251.2363
NCP17,OUT013,944.74243
FDQ32,OUT045,1929.3774
NCT17,OUT049,3182.482
FDO10,OUT049,931.7542
FDE32,OUT049,707.9716
FDN44,OUT045,2467.3792
FDH02,OUT035,1562.762
FDK60,OUT013,1641.623
FDS24,OUT019,200.89148
FDL03,OUT010,522.6643
FDB46,OUT027,5529.7993
FDO48,OUT049,3823.7402
FDZ39,OUT049,1641.7295
FDT02,OUT027,1003.23065
FDC50,OUT013,1535.1238
FDP39,OUT035,881.0522
DRG15,OUT018,809.27954
FDP10,OUT018,1464.6425
FDF53,OUT027,4905.794
FDN34,OUT045,2709.9707
FDK02,OUT045,1840.0103
FDC23,OUT045,2815.04
FDJ10,OUT019,289.2531
FDE53,OUT035,1774.0374
FDR25,OUT035,4398.491
FDW50,OUT046,2733.507
FDS09,OUT049,830.59674
FDW49,OUT010,434.0558
FDU51,OUT046,2892.532
FDF28,OUT018,1804.7651
NCY30,OUT018,2678.5796
FDD44,OUT045,4275.8853
FDX09,OUT017,2887.0996
NCF30,OUT013,2065.309
FDZ50,OUT019,435.87756
FDW37,OUT013,1440.2767
FDD11,OUT049,4114.968
DRH39,OUT018,1025.6218
FDA36,OUT049,3163.0464
NCG43,OUT049,1442.8116
FDF02,OUT035,1746.1619
FDP57,OUT027,2744.9668
NCE42,OUT017,3821.609
NCR38,OUT027,6091.3604
FDP03,OUT019,286.18237
FDO51,OUT035,727.817
NCQ42,OUT046,2176.8254
NCM41,OUT046,1617.421
FDH48,OUT027,2388.0571
DRF60,OUT046,3781.7961
FDJ27,OUT035,1686.932
FDQ14,OUT013,2551.1602
FDN27,OUT017,1955.0704
NCQ02,OUT046,3058.061
FDJ33,OUT049,1942.1382
FDP07,OUT027,5276.4087
DRE01,OUT049,3895.5374
FDU36,OUT045,1487.366
FDL28,OUT017,3788.018
NCX53,OUT046,2349.9058
FDZ39,OUT013,1706.1825
NCP42,OUT013,3257.101
FDJ14,OUT035,1402.6555
FDK04,OUT049,836.5562
NCC19,OUT017,3173.6367
FDS09,OUT018,676.5962
FDZ02,OUT046,1717.8259
FDD35,OUT018,1676.8318
NCY42,OUT017,2340.7163
FDB05,OUT045,4075.357
FDF20,OUT035,3285.0073
NCO41,OUT018,1359.3512
FDC40,OUT027,2201.3047
FDV58,OUT045,3196.224
FDZ57,OUT045,2001.7876
DRM35,OUT046,2947.4375
DRN36,OUT018,1321.5452
FDQ13,OUT046,1458.3594
DRO35,OUT010,311.67126
NCD43,OUT035,1723.9614
FDA51,OUT018,1644.0891
NCX17,OUT027,5880.4453
NCZ17,OUT049,687.52795
FDR11,OUT027,4326.9907
FDW34,OUT049,3980.1602
FDN50,OUT017,1511.645
FDS09,OUT046,838.44025
FDS48,OUT018,2170.6343
FDL44,OUT049,2773.289
DRF48,OUT018,2743.7239
FDA14,OUT018,2130.8965
NCD30,OUT049,1503.5519
FDI16,OUT017,838.32245
NCG06,OUT035,4238.871
DRZ24,OUT035,2003.2511
NCS17,OUT045,1415.5654
FDB37,OUT045,3987.1914
FDE10,OUT035,2178.0476
FDC57,OUT045,3130.025
FDM12,OUT018,2817.2798
FDE24,OUT049,2318.7622
FDW22,OUT045,3593.9263
DRD01,OUT027,1413.7197
NCZ18,OUT027,6072.9966
FDN49,OUT045,586.69946
FDR22,OUT035,1940.4501
FDV08,OUT019,127.65308
FDY39,OUT046,3077.9216
FDV36,OUT049,2081.841
FDO60,OUT045,656.67554
FDU04,OUT027,3385.4224
FDR20,OUT027,1287.4633
FDW19,OUT019,262.46368
FDU40,OUT049,3365.8298
FDK15,OUT045,1459.2844
DRF15,OUT035,2517.524
FDQ25,OUT017,2834.4595
FDI48,OUT019,137.52579
FDS49,OUT046,1291.011
FDV22,OUT046,2607.496
NCV42,OUT046,1881.7405
FDX26,OUT046,2978.378
FDI33,OUT018,1249.6982
FDZ14,OUT049,1894.7756
FDG10,OUT013,801.37537
FDM38,OUT018,687.1427
FDG26,OUT027,6327.207
FDH46,OUT035,1705.4539
FDN13,OUT018,1394.0996
FDU57,OUT035,2502.1418
NCI06,OUT046,2925.1907
FDM38,OUT045,819.9509
NCG42,OUT010,356.69922
FDL39,OUT045,2899.648
FDT31,OUT019,467.469
FDV59,OUT013,3597.8687
FDB49,OUT035,1669.5662
FDD58,OUT049,1561.7152
DRN59,OUT046,793.60626
FDX48,OUT049,2603.9226
FDQ11,OUT049,4380.2886
FDY12,OUT049,812.89185
FDQ11,OUT045,4265.541
DRI11,OUT017,1863.0847
FDY32,OUT027,4393.407
FDS51,OUT045,878.92786
FDR19,OUT010,338.13806
DRB13,OUT018,2799.6118
FDS21,OUT035,1067.5249
FDQ40,OUT045,2801.7678
NCE55,OUT013,2926.554
FDX43,OUT027,4468.39
FDS12,OUT049,1972.8816
DRK01,OUT027,2555.9988
FDN25,OUT017,911.047
FDB60,OUT046,3224.4578
FDQ13,OUT017,1362.746
DRK13,OUT045,3152.263
DRF25,OUT018,473.00815
NCD42,OUT019,107.38819
FDW25,OUT045,1277.5421
NCV29,OUT027,4856.4844
NCK42,OUT035,3604.945
DRJ13,OUT027,4233.997
DRD15,OUT017,3823.877
FDM27,OUT045,2440.8843
FDZ50,OUT018,2729.729
FDC04,OUT046,3891.1152
FDF50,OUT049,3387.0732
FDP15,OUT045,4156.008
FDK46,OUT035,4206.1514
FDZ56,OUT018,2452.4536
FDY60,OUT049,2370.4475
FDB10,OUT035,3923.6152
FDR57,OUT045,2386.5613
FDU58,OUT049,3125.0562
FDH02,OUT046,1518.4203
FDP48,OUT013,3121.1074
FDI46,OUT035,4137.38
FDW56,OUT013,3230.0107
NCM19,OUT010,337.44836
FDS50,OUT027,5770.8965
FDK24,OUT013,550.9181
FDO36,OUT017,3014.3562
FDK45,OUT027,3117.4866
NCL05,OUT045,676.37
FDL32,OUT018,1609.499
FDA28,OUT049,2051.8943
FDY36,OUT018,1015.7873
FDP32,OUT018,1783.149
FDL50,OUT046,2204.59
DRC24,OUT049,2533.3057
NCS18,OUT017,1719.8633
FDD16,OUT017,1238.5603
NCV18,OUT013,1342.6324
FDX07,OUT046,2997.977
NCZ05,OUT027,2861.6802
NCI31,OUT013,559.7682
FDK14,OUT049,1237.9167
NCR06,OUT045,611.9353
NCF54,OUT049,2946.5232
DRG23,OUT010,348.1277
FDD53,OUT046,776.00525
NCM31,OUT027,3767.0002
FDT16,OUT017,4297.01
FDR40,OUT035,1374.2017
DRG25,OUT017,3027.2266
FDT10,OUT035,1043.4165
FDY32,OUT013,2750.3027
FDN50,OUT035,1589.6306
FDZ35,OUT019,254.84058
NCP54,OUT045,1860.15
NCD07,OUT035,1857.7551
FDS02,OUT018,2940.392
DRN59,OUT018,603.2959
DRB24,OUT013,2562.0623
FDP37,OUT027,3453.429
DRB01,OUT018,2801.3552
FDR47,OUT046,3149.5786
NCM31,OUT010,328.19525
NCF06,OUT027,6276.9443
NCV17,OUT027,3555.5422
FDS10,OUT049,3044.3994
FDN52,OUT035,1496.3741
FDZ48,OUT013,1919.3799
FDJ48,OUT049,4205.594
DRB13,OUT027,5091.4883
FDV59,OUT017,3588.8682
FDL32,OUT035,1867.782
FDZ12,OUT035,2323.7964
NCR06,OUT027,1155.586
FDP51,OUT017,1959.543
FDY22,OUT013,2344.2998
FDZ38,OUT049,2923.5642
NCO54,OUT035,920.8705
FDR23,OUT035,2929.2778
FDM38,OUT049,845.4094
FDS25,OUT013,1938.9183
FDZ22,OUT013,1310.6599
FDZ20,OUT019,698.5405
FDD45,OUT010,219.55743
FDN03,OUT049,4122.2983
NCW30,OUT046,4220.255
FDY24,OUT027,1522.2944
FDJ26,OUT019,504.1349
FDM15,OUT049,2518.1167
NCW54,OUT027,1564.1427
FDA23,OUT045,1507.8127
FDA39,OUT019,116.01583
FDZ12,OUT017,2334.861
NCB42,OUT046,2028.1162
FDL16,OUT046,780.4531
FDO24,OUT019,373.4978
NCP42,OUT046,3158.721
FDR19,OUT018,2155.253
DRL01,OUT045,3816.7935
FDV37,OUT046,3276.0815
FDI41,OUT010,397.45422
FDF58,OUT049,961.74115
NCF43,OUT018,2029.5966
FDN02,OUT049,3523.9822
NCP41,OUT035,1793.313
NCY17,OUT027,1194.6061
FDL58,OUT027,6268.625
NCA30,OUT027,5020.237
FDE46,OUT018,2257.203
FDY38,OUT035,3955.8147
NCH29,OUT027,2657.3064
FDO20,OUT045,4155.662
FDP44,OUT018,1460.2719
FDM02,OUT027,2474.7373
FDJ14,OUT027,2226.7214
FDH04,OUT010,254.90002
DRK23,OUT046,4102.878
NCW05,OUT046,1845.8525
FDF12,OUT049,2391.5396
FDL51,OUT019,536.1725
FDN03,OUT018,3906.6997
DRJ37,OUT049,2448.1792
FDM12,OUT019,423.68433
FDA16,OUT045,3613.3667
NCB07,OUT017,3284.2173
NCI17,OUT019,169.67004
FDR51,OUT046,2496.2363
FDJ55,OUT045,3715.458
NCZ17,OUT013,513.59546
FDU25,OUT013,832.6467
NCG18,OUT045,1569.1858
DRM11,OUT017,4225.9277
FDH16,OUT035,1532.6982
FDZ04,OUT018,819.7131
NCX53,OUT035,2370.4617
FDX38,OUT027,1353.4547
FDX09,OUT046,2868.546
NCW05,OUT018,1506.1469
NCS41,OUT017,3045.7642
FDI26,OUT046,2988.851
NCZ41,OUT027,3427.3057
NCK06,OUT046,2108.9368
FDX23,OUT027,2712.423
NCA42,OUT046,2625.0854
FDC20,OUT049,837.58636
DRC49,OUT018,2069.1921
FDX01,OUT013,2057.2126
FDC08,OUT045,3747.8638
FDC02,OUT017,4208.95
FDK10,OUT045,2821.85
DRC24,OUT013,2490.7654
FDW16,OUT019,224.56525
NCU06,OUT018,3550.2659
DRA59,OUT045,2934.7974
FDR24,OUT019,208.56238
DRL35,OUT018,550.6101
FDA49,OUT013,1378.301
NCC55,OUT046,670.40857
DRD24,OUT019,325.8211
NCE55,OUT049,2930.4944
FDT33,OUT045,2639.9194
NCT53,OUT013,2777.2996
FDS26,OUT046,4121.1665
FDL22,OUT018,1273.6042
FDP44,OUT017,1692.7374
FDC52,OUT018,2165.304
FDI53,OUT010,366.63013
FDZ23,OUT046,3083.4414
NCT18,OUT013,3003.7358
FDR13,OUT046,2073.0898
FDB09,OUT010,329.33405
FDZ60,OUT013,1803.8705
FDB11,OUT046,3555.5515
FDC10,OUT018,1715.9838
FDW56,OUT035,3232.1162
FDK14,OUT027,2368.313
DRE27,OUT027,2636.697
FDA38,OUT017,3941.684
FDT11,OUT045,3004.587
FDP15,OUT035,4209.8394
FDV27,OUT035,1504.9108
FDS36,OUT027,3031.9656
FDY40,OUT027,1302.3523
NCF19,OUT049,822.4757
FDF53,OUT045,2957.599
FDS14,OUT027,4273.0244
FDE56,OUT046,1095.0283
FDZ19,OUT035,2927.1084
FDZ46,OUT013,1852.137
FDR16,OUT046,3525.9338
FDG29,OUT018,539.45215
NCE30,OUT017,3528.6611
FDZ40,OUT046,880.53406
FDG58,OUT018,2286.0085
DRH03,OUT013,1543.9977
FDZ47,OUT045,1513.5173
FDV04,OUT018,2293.9204
FDZ10,OUT018,1797.9608
FDG46,OUT017,1827.8054
NCF07,OUT045,1489.665
FDY44,OUT035,3294.2368
FDB21,OUT013,3957.9797
FDS20,OUT035,3028.3696
FDS49,OUT049,1170.5293
FDX55,OUT027,5724.018
NCQ02,OUT018,2751.2395
FDR25,OUT013,4328.7886
DRG39,OUT045,794.3118
FDB46,OUT046,3438.5547
NCC30,OUT018,2652.9927
FDE58,OUT035,2007.7444
FDC05,OUT019,466.4724
FDY15,OUT046,2613.2888
FDG14,OUT046,2584.5757
FDL08,OUT049,4078.7734
FDQ47,OUT013,393.88287
FDN12,OUT035,1830.8918
FDW10,OUT013,2854.9937
FDD02,OUT035,1958.1283
FDX35,OUT010,659.7639
FDT35,OUT046,2810.0508
DRN47,OUT019,441.34265
FDB11,OUT010,539.87646
FDN20,OUT045,2682.9902
FDB59,OUT035,3368.548
FDJ58,OUT045,2753.7756
FDU60,OUT046,2806.5142
FDS03,OUT049,968.11084
FDU40,OUT019,455.33716
DRH15,OUT049,719.91156
FDD04,OUT027,3918.4746
FDQ01,OUT046,4102.1094
FDF28,OUT035,2095.447
FDD22,OUT010,272.7494
FDY19,OUT046,2084.543
FDN33,OUT035,1587.8887
FDV36,OUT035,2094.303
FDW01,OUT010,374.6317
FDJ28,OUT049,3290.4111
FDB17,OUT035,2990.6333
FDM40,OUT049,2259.027
FDV46,OUT045,2157.5876
FDQ44,OUT049,1959.8962
NCD42,OUT046,737.1569
DRH37,OUT046,2645.475
FDR10,OUT018,2414.2542
NCD06,OUT027,1237.7194
FDI53,OUT046,2708.5476
FDG16,OUT035,3656.8481
DRB25,OUT046,1801.9788
FDY09,OUT046,2817.4116
FDX48,OUT045,2410.9695
FDC03,OUT010,467.71887
FDT47,OUT035,1610.9236
FDW44,OUT027,4628.8154
FDT24,OUT017,1267.6006
FDT12,OUT019,638.6791
NCS38,OUT035,1880.7375
FDO39,OUT035,3037.173
FDA13,OUT046,692.4968
FDO48,OUT035,3758.142
DRJ01,OUT017,2603.766
FDD53,OUT018,514.0397
NCT05,OUT049,4212.3926
FDQ51,OUT045,679.70276
FDU60,OUT013,2852.4998
FDC59,OUT046,1093.6653
FDP36,OUT035,930.31055
NCM19,OUT017,1793.2539
FDL16,OUT035,749.7407
FDE50,OUT018,2865.9702
NCR18,OUT013,624.2751
NCD30,OUT035,1615.8889
FDH31,OUT013,1655.2058
FDD56,OUT019,381.19348
FDC47,OUT049,3735.1414
FDZ21,OUT045,1417.3165
FDM01,OUT049,1565.532
FDF24,OUT013,1321.0786
FDW23,OUT017,616.8873
FDY52,OUT018,820.20056
DRH37,OUT027,4372.801
DRO47,OUT027,3084.2676
FDR25,OUT049,4373.36
FDQ24,OUT027,6283.0117
DRJ51,OUT018,3576.3506
NCU06,OUT035,3827.7368
NCV18,OUT018,1157.6318
NCC06,OUT027,3460.367
FDZ01,OUT018,1479.3882
FDT14,OUT017,1959.2947
FDD11,OUT019,717.395
FDN09,OUT017,3973.1824
NCO18,OUT010,441.80615
FDZ50,OUT045,2952.485
FDS44,OUT013,3943.3987
FDI36,OUT045,3210.7085
FDA26,OUT010,520.569
NCY53,OUT049,1805.1576
FDF32,OUT049,3428.7837
FDF59,OUT010,322.58777
FDB20,OUT046,1263.0176
DRH11,OUT035,1000.94604
FDT03,OUT049,3206.0427
NCH06,OUT035,4055.3704
FDR55,OUT049,3174.558
FDI10,OUT035,2847.272
FDZ12,OUT045,2137.6372
FDM12,OUT049,3239.8833
DRB25,OUT045,1628.9808
NCS41,OUT013,3022.6484
NCT53,OUT049,2663.1536
NCD55,OUT013,549.83685
FDY08,OUT049,2261.1465
NCP55,OUT049,883.5972
FDA33,OUT013,2488.5156
FDQ33,OUT013,2443.8916
FDE45,OUT027,4868.533
FDT26,OUT013,2034.2563
NCV53,OUT049,4021.0566
FDK60,OUT027,2703.912
NCJ29,OUT046,1422.3159
FDI15,OUT045,4363.6714
FDX21,OUT013,1821.8586
FDV49,OUT019,761.88074
DRO59,OUT046,1299.4869
FDZ14,OUT045,1872.2925
FDP32,OUT027,3434.8022
FDC33,OUT017,3295.6387
FDT14,OUT010,297.40814
NCN54,OUT027,2176.669
FDR57,OUT027,4169.615
DRK12,OUT046,639.5977
FDX52,OUT049,3330.0093
FDX08,OUT010,440.79565
FDP10,OUT010,279.98883
NCP50,OUT045,1149.1179
NCL06,OUT013,4225.81
FDP25,OUT013,3621.137
FDE53,OUT013,1774.2188
FDL27,OUT017,1102.0103
FDC35,OUT049,3459.9785
DRJ47,OUT010,435.02423
FDD16,OUT018,1023.97485
NCN42,OUT049,2474.147
FDC38,OUT027,3623.407
NCO07,OUT045,3436.2456
FDQ20,OUT049,653.895
FDI32,OUT046,1955.6775
FDN20,OUT010,443.26392
DRJ51,OUT027,5904.6943
FDU08,OUT045,1461.1698
DRN37,OUT019,358.98987
FDD05,OUT010,375.98016
FDW15,OUT046,2485.1729
FDI52,OUT046,2156.4976
DRM11,OUT049,4358.5757
NCO06,OUT045,532.10376
FDU38,OUT049,3230.6685
FDU59,OUT018,2312.1602
FDJ10,OUT046,2327.003
FDM13,OUT049,2110.4868
NCJ30,OUT019,401.5266
FDM45,OUT018,1748.199
FDP36,OUT045,771.3511
NCD30,OUT010,332.0685
FDN48,OUT017,1495.6846
FDY32,OUT049,2634.8901
FDU47,OUT046,2450.002
FDF17,OUT019,464.7583
FDP34,OUT017,2591.5815
FDA47,OUT049,2727.9844
DRD27,OUT027,2757.1594
FDW38,OUT045,842.4215
FDZ15,OUT019,267.8589
FDZ03,OUT027,5061.4424
NCN19,OUT049,3210.047
FDG02,OUT035,3166.4355
FDS31,OUT035,3062.7437
FDW43,OUT019,625.2914
FDZ47,OUT010,348.56006
FDO57,OUT017,2688.3262
NCL07,OUT013,556.58044
NCV42,OUT013,1890.0618
FDP40,OUT017,1801.8557
FDP48,OUT019,423.9547
FDH21,OUT017,2634.7085
NCP02,OUT049,889.441
FDK24,OUT049,724.3801
FDC41,OUT045,1119.3353
FDF08,OUT017,1431.544
FDO49,OUT017,855.991
FDS56,OUT027,6368.662
FDX46,OUT018,810.3906
FDQ07,OUT013,3644.2007
FDC32,OUT010,257.16107
FDT21,OUT019,701.0913
FDG58,OUT045,2416.886
FDW14,OUT049,1299.6024
DRA12,OUT027,3760.6084
FDV27,OUT013,1434.8052
DRD25,OUT013,1854.6439
DRF48,OUT027,4973.252
FDX24,OUT017,1474.8062
DRJ51,OUT046,3703.8765
FDE45,OUT045,2864.7524
FDE14,OUT046,1803.0942
FDG53,OUT045,2099.5361
FDT08,OUT046,2482.0369
DRC27,OUT027,6181.2993
FDG20,OUT035,2963.9531
FDC21,OUT046,1936.1589
FDV31,OUT018,2586.4614
FDB58,OUT045,2183.0808
FDV23,OUT046,2202.356
FDA25,OUT019,231.24243
FDC15,OUT046,2602.061
FDU47,OUT049,2263.726
FDE23,OUT013,727.18005
FDS08,OUT013,2989.4414
FDW03,OUT027,2854.065
FDJ60,OUT018,2410.9106
FDM34,OUT017,2136.6643
FDW33,OUT013,1717.2833
FDZ40,OUT013,739.9543
FDE33,OUT018,1127.9958
NCC06,OUT010,361.5667
FDU11,OUT046,2087.0112
FDL44,OUT017,2695.4211
NCZ29,OUT017,2084.0203
FDG28,OUT010,651.76135
FDL12,OUT018,794.9054
FDD52,OUT017,1772.1909
FDO15,OUT013,1108.2394
NCN29,OUT027,1365.8887
FDW36,OUT013,1863.384
FDB21,OUT046,3891.1348
FDZ28,OUT013,2213.6113
FDY10,OUT035,1917.3867
DRG39,OUT017,861.473
FDN28,OUT013,1765.1127
FDV15,OUT035,1712.9541
DRI13,OUT035,3639.9585
FDH20,OUT046,1717.3608
FDY51,OUT013,3610.1448
FDE16,OUT013,3468.0127
FDX40,OUT018,480.61725
FDC48,OUT018,1114.3204
FDS14,OUT046,2645.9749
FDX56,OUT017,3492.9854
FDI10,OUT046,2807.042
FDI14,OUT013,2380.7673
DRM48,OUT013,535.172
NCH07,OUT027,4265.3926
FDY26,OUT013,3469.4653
FDD02,OUT027,3293.0054
FDM12,OUT046,3106.9336
DRF01,OUT010,298.70782
FDV36,OUT046,2264.569
DRI59,OUT013,3700.0005
FDV03,OUT018,2298.7014
FDO39,OUT017,2993.5688
NCB07,OUT018,2995.5144
FDH38,OUT027,3232.6409
FDZ13,OUT035,861.4458
NCZ30,OUT046,2101.8901
NCA06,OUT035,571.35956
FDB04,OUT049,1325.1211
FDN50,OUT013,1525.4229
NCG06,OUT049,4171.3433
NCY17,OUT018,561.5774
FDC23,OUT046,2853.0356
FDK33,OUT049,3532.9436
FDR03,OUT049,3568.2148
FDZ07,OUT045,962.8412
FDO38,OUT013,1206.4377
FDS59,OUT046,1948.2147
DRM11,OUT019,696.18555
FDX52,OUT027,5256.8213
DRJ35,OUT018,783.1478
NCP53,OUT046,3828.5078
FDW15,OUT019,337.07123
DRI47,OUT045,2201.0842
DRZ11,OUT035,2064.5894
FDS02,OUT013,3287.9348
DRD49,OUT018,3682.6182
FDW38,OUT049,818.66766
FDR21,OUT019,413.30872
FDE40,OUT013,949.475
FDI02,OUT045,1707.79
FDQ04,OUT045,583.9482
FDY14,OUT017,4318.3
NCT54,OUT046,1636.3887
DRD25,OUT017,1782.1954
DRE01,OUT045,3914.3584
FDJ12,OUT010,541.501
NCZ05,OUT049,1582.8016
DRB25,OUT019,233.31378
NCC31,OUT045,2416.4888
FDM16,OUT045,1171.9142
DRG11,OUT049,1604.5553
FDV24,OUT027,4075.1853
FDV43,OUT046,785.25885
FDG05,OUT018,2260.099
FDV23,OUT010,366.32898
FDI58,OUT018,1332.3889
FDQ11,OUT017,4233.0156
FDC05,OUT027,5310.3555
FDF40,OUT013,4131.2607
FDU02,OUT018,3519.6587
FDT32,OUT013,3077.6084
NCF06,OUT017,4242.208
FDT46,OUT013,729.4892
FDR58,OUT010,228.19879
FDY04,OUT046,2698.37
FDT58,OUT045,2600.7236
FDE46,OUT049,2548.4487
DRH11,OUT017,899.0862
DRI51,OUT046,2796.4238
FDC35,OUT017,3395.4702
FDP45,OUT035,4165.624
FDC45,OUT017,2785.824
FDU01,OUT045,2994.4673
FDJ53,OUT010,298.51898
FDJ46,OUT017,2846.082
FDX07,OUT013,3060.365
NCI30,OUT049,4006.962
FDE47,OUT027,3331.8044
FDV48,OUT045,1194.2997
FDN16,OUT019,235.01337
FDM52,OUT013,2437.3906
FDA32,OUT027,5698.0146
FDH05,OUT017,3842.6797
FDW25,OUT010,209.64136
FDQ09,OUT046,1915.6549
NCM17,OUT010,46.59506
DRM59,OUT046,2620.641
FDV47,OUT027,2361.0806
DRE15,OUT035,1264.2917
FDS25,OUT010,261.60712
NCZ05,OUT018,1474.1675
NCV05,OUT019,341.92676
DRM37,OUT046,3105.7275
FDV58,OUT027,5154.8037
FDN22,OUT027,6175.531
NCO06,OUT049,652.94604
FDT56,OUT019,127.26501
FDM02,OUT013,1424.3335
FDA09,OUT046,2913.9792
NCC06,OUT035,2114.4097
NCL54,OUT049,2956.5117
NCB55,OUT017,964.1398
FDB12,OUT017,1684.5095
NCA54,OUT049,3046.4607
NCS38,OUT049,1773.8889
FDC02,OUT049,4216.8267
FDK44,OUT019,352.56006
FDE16,OUT035,3486.2915
NCS05,OUT035,2192.131
FDZ59,OUT045,2606.69
FDI20,OUT017,3536.5864
FDQ14,OUT046,2545.541
FDF53,OUT017,3045.8867
FDW25,OUT017,1384.7024
NCQ43,OUT010,283.77905
FDX52,OUT013,3231.9116
FDE28,OUT045,3753.615
FDN15,OUT017,2290.5347
FDO28,OUT017,1897.6426
FDQ33,OUT045,2336.681
FDM22,OUT010,102.64382
FDJ03,OUT017,783.3358
FDI16,OUT045,804.0138
FDI09,OUT027,5929.9917
FDX55,OUT013,3577.924
FDS23,OUT027,3507.9033
DRC12,OUT045,3099.7788
FDH41,OUT049,3741.971
FDN01,OUT013,2946.6868
FDV55,OUT045,2211.5586
NCJ19,OUT013,846.32355
NCY29,OUT010,86.241325
FDP03,OUT018,1758.5469
FDZ52,OUT045,1678.989
FDH31,OUT010,366.81592
FDQ19,OUT018,3742.976
FDS15,OUT035,1757.3645
FDN32,OUT017,3035.5564
FDH32,OUT049,1514.3789
FDF33,OUT017,1744.2512
FDJ22,OUT046,3019.8972
FDG56,OUT010,140.85999
FDC05,OUT046,3209.876
FDK09,OUT013,3692.4712
NCV29,OUT045,2800.318
NCC43,OUT019,637.9214
NCA42,OUT049,2559.9233
FDC10,OUT046,2006.9071
FDC16,OUT013,1420.7676
NCL17,OUT013,2393.4504
FDA51,OUT035,1907.1604
FDW01,OUT017,2507.1348
NCF30,OUT045,1962.655
FDN49,OUT013,550.2441
FDY20,OUT045,1360.2415
FDC15,OUT045,2454.011
FDY24,OUT046,896.5477
NCG43,OUT017,1528.5486
FDA48,OUT013,3688.3271
NCF55,OUT017,573.64484
FDL38,OUT049,1390.5314
NCQ29,OUT018,4076.4092
FDC34,OUT017,2620.7886
FDP36,OUT027,1470.0712
FDN50,OUT010,397.92212
FDO23,OUT049,1460.6864
FDT56,OUT013,863.39386
FDT13,OUT027,5139.9854
FDZ03,OUT013,3139.9207
FDQ03,OUT010,560.5703
FDU44,OUT045,2566.3088
FDD03,OUT049,3877.002
NCH30,OUT013,1846.3746
FDS60,OUT010,461.5055
FDG08,OUT046,2821.5479
FDX38,OUT017,763.4109
FDD22,OUT017,1818.5636
FDW51,OUT013,3538.389
FDL09,OUT017,2847.171
FDZ60,OUT045,1639.7363
NCH07,OUT046,2608.0964
NCQ41,OUT049,3381.0942
FDW04,OUT049,2034.4631
FDI08,OUT027,6258.195
FDR19,OUT019,281.46844
FDV13,OUT046,1550.4719
FDB52,OUT017,4191.878
FDZ48,OUT027,3099.0886
NCO14,OUT049,753.9315
FDZ50,OUT013,3096.7725
FDN27,OUT019,237.6842
FDQ60,OUT013,2195.3164
FDR49,OUT017,719.4614
DRJ35,OUT027,1723.2318
DRI49,OUT017,1368.292
FDB47,OUT017,3472.3076
FDP37,OUT010,276.63055
FDR26,OUT049,3038.1216
FDY31,OUT019,311.7209
FDC11,OUT045,1302.6556
DRP47,OUT035,4139.3203
NCY54,OUT018,2500.315
FDR27,OUT046,2250.6956
FDQ21,OUT019,284.294
NCQ29,OUT035,4294.945
FDJ02,OUT046,2508.7417
FDE21,OUT018,1588.47
FDM39,OUT046,2981.357
FDZ01,OUT017,1630.8402
NCB19,OUT018,1225.5518
FDU03,OUT046,2939.5054
FDP27,OUT049,3134.8286
DRF01,OUT045,2228.588
FDM03,OUT049,1659.3279
FDV01,OUT046,2606.1611
FDS16,OUT046,2472.4033
FDO45,OUT035,1509.5173
NCX06,OUT035,3037.6873
FDP13,OUT046,665.4258
NCR38,OUT018,3992.9136
FDA01,OUT013,833.8082
FDT26,OUT017,1948.5242
FDD44,OUT027,6304.241
FDB26,OUT013,761.4981
FDP45,OUT019,745.6998
NCP55,OUT046,979.9037
FDT23,OUT017,1298.3638
FDO51,OUT045,616.7103
FDA44,OUT046,1015.6345
NCJ31,OUT018,3772.9817
FDX37,OUT045,1478.7356
NCD18,OUT049,3774.7769
FDN40,OUT027,4182.5625
FDL33,OUT017,3198.5293
DRF48,OUT035,3116.183
FDW08,OUT035,1731.4937
FDX39,OUT018,3261.6433
FDB38,OUT049,2768.7844
FDY46,OUT018,2763.7021
NCB06,OUT049,2662.1155
FDA34,OUT035,2857.25
FDA35,OUT045,1852.1174
FDQ07,OUT035,3721.5195
FDU32,OUT045,1850.2961
FDU26,OUT013,2057.7852
FDU13,OUT010,305.91284
FDO09,OUT035,4313.4395
FDW03,OUT019,257.89722
FDB38,OUT013,2677.249
FDL26,OUT010,386.86542
NCN43,OUT045,1885.7615
FDH08,OUT045,3794.046
NCC31,OUT019,356.37762
FDH14,OUT035,2337.0308
FDL40,OUT017,1615.4564
FDD20,OUT035,2040.3096
NCV53,OUT035,4003.7307
FDD16,OUT045,1058.0103
FDP24,OUT035,2002.5995
FDQ25,OUT045,2730.067
FDM38,OUT035,939.577
NCT18,OUT010,435.75842
FDM34,OUT049,2170.4392
DRH37,OUT010,432.24
NCE07,OUT013,2438.144
FDG12,OUT013,2186.6816
FDB59,OUT010,508.97437
FDS10,OUT018,2672.1592
FDN21,OUT010,442.22217
FDM02,OUT045,1383.3484
FDO44,OUT049,1747.2091
NCN17,OUT017,1634.6875
FDH16,OUT018,1288.1759
FDL44,OUT046,2637.2817
FDY47,OUT017,2093.4434
DRI39,OUT046,929.43353
NCX54,OUT018,1471.159
FDE59,OUT046,696.4712
FDO46,OUT045,3022.9028
DRE13,OUT046,1463.8093
FDW14,OUT013,1449.2273
FDF35,OUT046,1775.7062
FDO50,OUT019,181.79565
DRF49,OUT017,1836.6835
FDT60,OUT049,2026.7224
FDP38,OUT045,721.9409
FDA31,OUT027,4650.1797
FDY52,OUT010,128.69354
FDD03,OUT027,5952.191
FDN52,OUT018,1232.3341
FDU20,OUT010,412.69598
FDD22,OUT035,1818.256
NCB55,OUT019,95.2029
FDN27,OUT045,1819.7505
FDD16,OUT013,1186.6204
FDW48,OUT046,1421.3629
DRN35,OUT045,493.08594
FDX25,OUT049,3084.322
DRD49,OUT049,3851.007
FDE21,OUT019,256.30914
FDN44,OUT035,2612.3271
DRC01,OUT049,780.9784
NCK30,OUT046,4026.1343
FDU39,OUT013,884.96423
FDB49,OUT013,1686.3933
FDS12,OUT045,1909.761
FDR57,OUT018,2277.6582
FDX22,OUT027,5506.6104
FDC60,OUT013,1481.2582
NCE42,OUT049,3792.6812
NCK42,OUT049,3725.5103
DRE01,OUT017,3938.9402
FDE57,OUT018,2015.7872
DRK59,OUT019,641.36145
FDB10,OUT027,5861.7188
FDQ25,OUT046,2933.3718
FDY26,OUT017,3524.8406
FDG28,OUT049,4123.0186
FDM14,OUT049,1705.7188
NCH29,OUT049,1475.8843
FDD48,OUT049,1810.1139
FDC17,OUT045,3424.8167
DRH49,OUT027,2247.762
FDN44,OUT018,2320.9583
FDC29,OUT045,1743.9912
DRK01,OUT019,206.18286
FDD48,OUT017,1822.9595
FDB59,OUT013,3199.414
FDY45,OUT010,624.9779
FDX60,OUT035,1318.5325
FDT09,OUT010,409.8825
DRB24,OUT018,2218.3413
FDL13,OUT035,3924.1304
FDN16,OUT035,1709.1559
FDK57,OUT013,2015.7981
FDO22,OUT027,2181.1177
FDC57,OUT010,501.16382
FDZ13,OUT027,1322.154
FDW27,OUT013,2630.8218
FDX10,OUT049,655.37354
FDY08,OUT018,2036.5417
FDA49,OUT017,1380.9329
FDC32,OUT018,1315.1002
FDO04,OUT035,900.44836
NCZ54,OUT013,2642.462
FDY40,OUT045,700.7799
FDW36,OUT045,1622.5502
FDE11,OUT017,3078.8242
DRE37,OUT045,3031.3318
NCK19,OUT017,3182.1917
FDT19,OUT035,2897.217
FDE56,OUT045,928.6441
FDZ57,OUT010,346.55597
FDB35,OUT035,1571.0796
FDF09,OUT010,32.558468
FDO34,OUT046,2721.0718
FDA55,OUT046,3624.41
NCM18,OUT035,1046.388
FDJ20,OUT019,259.57318
DRQ35,OUT019,271.60248
FDG02,OUT013,3271.8438
NCU29,OUT018,2065.2786
FDL27,OUT027,1756.75
NCA54,OUT035,2997.892
FDJ32,OUT035,1089.1743
FDB21,OUT019,551.6698
FDR46,OUT035,2442.5054
FDZ32,OUT046,1836.3746
DRF36,OUT017,3152.9531
NCU54,OUT017,3468.8416
NCI31,OUT017,526.2637
DRA59,OUT035,3090.238
NCC55,OUT045,533.5316
FDE44,OUT018,623.02673
NCN26,OUT018,1616.5024
FDC11,OUT049,1367.5889
FDV24,OUT035,2404.4597
FDR40,OUT019,256.49182
NCQ17,OUT049,2586.52
FDC46,OUT045,2973.5479
NCM18,OUT046,1059.9835
FDK16,OUT046,1660.958
FDI28,OUT017,1324.7039
FDS11,OUT018,3432.801
DRD13,OUT046,1113.8071
FDL36,OUT035,1471.3103
FDI27,OUT013,624.8704
FDJ53,OUT019,222.35919
FDS44,OUT045,3972.4543
FDE28,OUT046,3817.5562
FDQ33,OUT018,2210.92
FDB37,OUT017,3963.374
FDQ31,OUT045,1327.1133
NCQ05,OUT046,2497.7686
FDE10,OUT013,2220.6084
FDF38,OUT017,629.28345
FDE50,OUT019,458.08948
DRG37,OUT010,413.73822
NCH06,OUT049,4068.4204
FDY14,OUT045,4330.0825
FDO27,OUT017,1575.2148
FDQ19,OUT049,4126.4307
FDZ26,OUT019,565.2832
FDN51,OUT013,4257.7354
FDK20,OUT035,2040.5342
FDD40,OUT018,2926.8635
DRI25,OUT018,735.819
FDH56,OUT017,1876.3923
FDI36,OUT027,5354.0195
DRH11,OUT018,755.6743
NCV18,OUT017,1353.9861
DRI01,OUT049,2856.4688
DRE48,OUT049,3346.665
FDS51,OUT035,1038.7639
FDM38,OUT017,813.21106
FDB60,OUT027,5286.6816
FDY58,OUT035,3811.4077
FDY22,OUT045,2246.3745
FDF11,OUT027,5944.958
FDZ51,OUT035,1629.7887
FDQ45,OUT017,2993.127
FDF17,OUT035,3261.9595
NCF31,OUT027,4112.546
FDA37,OUT013,2239.1785
FDO51,OUT046,739.3877
FDF34,OUT013,3309.2478
FDD57,OUT018,1325.8215
FDO37,OUT046,3770.7432
FDR49,OUT049,762.0152
FDS39,OUT049,2276.9146
FDI48,OUT027,1459.5505
DRM35,OUT049,2999.0244
FDV57,OUT035,3048.3984
FDZ55,OUT013,2752.6182
FDI28,OUT035,1319.1222
FDS21,OUT045,933.49963
FDT34,OUT013,1757.624
DRI25,OUT035,913.5701
FDT47,OUT010,301.50256
DRH39,OUT045,1087.5259
NCD54,OUT045,2238.734
FDU16,OUT027,2351.5952
NCW29,OUT045,1978.354
FDV25,OUT027,5783.2285
FDM56,OUT035,1826.9834
FDZ04,OUT027,1808.5364
FDG59,OUT019,96.37116
FDI56,OUT045,1363.3586
FDS33,OUT035,1518.29
FDC23,OUT049,2979.1108
FDT11,OUT049,3178.2888
FDG17,OUT045,4056.7646
FDZ44,OUT045,1782.5739
FDJ52,OUT013,2740.4678
DRI23,OUT046,2602.4678
DRE15,OUT010,225.88953
NCF07,OUT013,1689.6145
NCR29,OUT049,847.0025
FDE44,OUT019,66.59246
FDT23,OUT035,1387.3549
NCG06,OUT017,4197.471
NCU41,OUT010,476.0807
FDH46,OUT017,1676.7289
FDV31,OUT013,2963.671
NCT41,OUT027,4188.6553
FDE22,OUT027,4308.7163
FDC26,OUT045,1664.599
DRF51,OUT017,536.2903
NCY53,OUT019,239.8114
FDY21,OUT017,3288.9912
FDL27,OUT013,919.86816
FDZ34,OUT049,3237.6
NCF43,OUT010,350.06378
FDC21,OUT035,1818.9116
FDL26,OUT013,2576.571
FDT25,OUT010,299.08405
NCR30,OUT046,1330.2596
DRL23,OUT019,243.85504
NCR05,OUT049,3359.4546
NCE19,OUT018,706.1786
FDY07,OUT035,759.80994
FDB10,OUT017,3868.1187
FDP57,OUT013,1692.407
FDU48,OUT019,274.377
FDH48,OUT035,1428.7983
FDO33,OUT035,1927.7202
NCU29,OUT045,2244.1736
FDW35,OUT046,710.6281
FDH05,OUT010,541.6771
FDP26,OUT049,1596.0846
DRG27,OUT035,702.306
FDQ33,OUT046,2485.3079
FDH20,OUT010,362.29553
FDV14,OUT046,1624.1605
DRD01,OUT046,938.89764
NCI17,OUT049,1468.7944
FDF39,OUT010,659.735
FDX37,OUT046,1798.8997
NCX17,OUT035,3886.6465
FDN03,OUT013,4155.4785
NCS41,OUT010,438.265
FDH34,OUT045,2919.3674
NCX53,OUT018,2050.642
FDY31,OUT046,2535.2544
FDD20,OUT017,2070.6194
FDE51,OUT045,696.6195
FDV27,OUT046,1463.9746
FDF16,OUT035,2429.4443
FDZ02,OUT049,1462.5059
NCK05,OUT045,913.4805
FDM12,OUT027,5176.1133
NCA05,OUT018,2200.8765
FDX33,OUT045,2486.2715
FDM25,OUT049,2991.4785
FDE41,OUT018,1230.168
FDW14,OUT045,1397.7765
NCD30,OUT046,1703.9719
FDB23,OUT010,595.7069
FDF45,OUT046,1066.3599
FDW20,OUT017,2064.27
FDF47,OUT045,3622.1187
NCR05,OUT019,533.6124
DRB01,OUT046,3033.258
FDE36,OUT013,2908.0874
FDU56,OUT049,3156.4478
FDB23,OUT049,3690.5386
FDN48,OUT049,1395.7236
FDS43,OUT013,3126.6482
NCN05,OUT013,3080.008
NCL53,OUT049,2938.1855
FDL56,OUT046,1499.8982
FDH17,OUT018,1354.4631
FDP37,OUT046,2217.1655
FDG09,OUT019,470.35486
FDA55,OUT045,3697.1812
FDX31,OUT049,3865.8499
FDJ41,OUT045,4271.4824
DRC24,OUT045,2425.9167
FDQ21,OUT035,2059.8672
NCT54,OUT045,1418.1738
FDH08,OUT049,3953.15
FDY38,OUT018,3641.0552
DRM11,OUT010,642.1582
FDG32,OUT049,3635.896
NCH18,OUT046,3935.1824
FDI20,OUT035,3577.0796
FDA33,OUT018,2108.504
FDN45,OUT013,3576.8718
FDT45,OUT010,106.081474
FDR32,OUT035,3867.4707
FDA48,OUT017,3645.5596
FDN23,OUT017,2356.3433
NCR18,OUT035,727.3057
FDD45,OUT046,1597.6726
FDI22,OUT018,3125.4827
FDT09,OUT013,2225.2537
DRC24,OUT027,4138.1045
FDT39,OUT046,2527.3208
FDX28,OUT045,1474.7284
FDA50,OUT018,1325.2561
FDT33,OUT027,4508.006
FDQ60,OUT049,1867.8981
NCM19,OUT018,1570.4186
FDF40,OUT046,3976.5713
NCI30,OUT035,4033.9565
FDK34,OUT049,3876.0408
FDA38,OUT027,6108.437
FDT02,OUT045,519.9117
FDC11,OUT017,1450.4509
FDD08,OUT046,682.2549
NCS29,OUT046,4253.8154
DRI03,OUT010,428.38477
FDK48,OUT035,1268.4347
FDM52,OUT049,2496.084
FDP49,OUT035,1021.24207
DRA24,OUT046,2682.901
NCJ43,OUT049,2860.3723
FDE11,OUT045,2959.9028
FDP01,OUT049,2631.4883
FDQ59,OUT018,1253.0525
FDA43,OUT019,454.11694
FDL14,OUT017,2509.5198
FDV50,OUT010,369.45563
FDT01,OUT027,5528.269
NCC42,OUT035,2325.3179
FDO28,OUT046,2061.4353
FDD32,OUT019,201.87778
FDV45,OUT035,3120.591
NCW17,OUT019,284.72192
NCJ17,OUT027,2328.316
NCF18,OUT049,3259.8813
FDP01,OUT045,2424.0525
FDH24,OUT045,2481.3054
FDI38,OUT027,5590.977
FDX03,OUT035,764.4856
FDY28,OUT046,3516.9946
FDN34,OUT018,2549.6562
FDJ02,OUT045,2321.979
FDW40,OUT019,292.3451
FDX03,OUT017,689.5705
FDE17,OUT027,4137.608
FDT58,OUT046,2719.5754
FDI38,OUT013,3483.773
FDW22,OUT035,3768.6904
FDS15,OUT027,2957.4011
NCX06,OUT013,2978.457
DRK47,OUT035,3856.083
FDC23,OUT027,4762.786
FDM56,OUT010,291.71008
FDP21,OUT046,3112.3691
FDP58,OUT046,3483.7705
FDA27,OUT019,751.91626
FDK41,OUT019,151.24066
NCH42,OUT046,3751.8374
FDG29,OUT045,621.58264
FDW15,OUT018,2213.7866
FDD28,OUT018,779.9115
FDQ37,OUT049,3356.9854
FDC23,OUT035,2984.3604
FDV13,OUT035,1485.3867
FDK33,OUT046,3337.4863
FDO33,OUT013,1847.7764
FDN21,OUT017,2695.7686
NCW06,OUT027,5175.624
FDI38,OUT035,3526.1074
FDC21,OUT027,2965.3784
NCS05,OUT046,2262.532
NCN53,OUT049,622.55316
FDV40,OUT010,262.30032
FDG60,OUT017,3851.9639
NCY30,OUT027,4934.115
FDM40,OUT045,2156.6377
NCO30,OUT046,2945.2607
FDK10,OUT046,2989.2327
FDM36,OUT045,2745.9104
FDN10,OUT013,1948.7125
FDM46,OUT018,1345.7935
FDX50,OUT049,1790.9607
FDP33,OUT045,4083.6646
FDO12,OUT045,3162.4014
FDC28,OUT013,1899.0659
FDO31,OUT045,1248.6616
FDX45,OUT035,2584.5325
FDV21,OUT049,1956.7979
FDH04,OUT049,1377.2432
NCG54,OUT013,2804.6602
FDO13,OUT046,2750.0854
FDA09,OUT027,4750.582
FDC38,OUT017,2194.5518
NCO42,OUT046,2380.1875
FDL45,OUT049,1984.9281
NCK31,OUT013,729.1782
FDM39,OUT017,2903.5933
FDC22,OUT010,471.0575
FDF46,OUT046,1906.1744
FDQ37,OUT045,3127.7866
FDH41,OUT010,490.25903
FDQ04,OUT046,669.634
NCQ02,OUT027,5116.997
FDJ57,OUT027,5029.6943
NCE07,OUT049,2263.9316
FDE56,OUT013,903.066
FDI20,OUT049,3559.7842
FDK36,OUT018,657.08075
FDP08,OUT027,5147.032
FDF44,OUT017,2140.8552
NCU53,OUT017,2682.613
FDF47,OUT035,3714.017
FDS55,OUT010,345.8241
FDZ52,OUT010,276.0348
FDL04,OUT018,1465.0417
NCM26,OUT035,2547.7314
FDX43,OUT049,2783.0251
FDP52,OUT049,3787.072
DRK49,OUT045,605.15295
FDE38,OUT013,2819.6875
DRF13,OUT035,2413.284
FDK41,OUT010,208.66183
FDJ04,OUT027,3265.8496
FDZ44,OUT018,1660.8754
FDS11,OUT013,3803.2527
FDA55,OUT049,3759.4531
NCW53,OUT046,3070.9565
FDB49,OUT027,2807.3618
FDD23,OUT017,3102.7576
NCV42,OUT045,1660.5774
NCZ29,OUT018,1813.9868
FDQ26,OUT013,841.27924
FDV08,OUT017,612.63135
FDC53,OUT049,1525.635
FDV58,OUT010,451.95154
NCP02,OUT019,138.63931
DRI37,OUT045,825.85187
FDQ12,OUT049,3940.8616
FDE33,OUT046,1354.9431
FDX27,OUT045,1437.0311
FDM22,OUT017,838.51154
NCH30,OUT019,238.28821
FDC04,OUT017,3977.921
FDO38,OUT046,1413.6879
FDV52,OUT027,3180.2478
FDB32,OUT013,1526.9701
FDV43,OUT018,581.3253
FDI24,OUT018,2585.7764
FDR40,OUT017,1360.7355
FDW02,OUT049,1942.2632
FDE44,OUT049,773.9349
FDL38,OUT046,1583.2433
NCT54,OUT010,285.62006
DRJ39,OUT010,539.3142
FDW55,OUT049,4131.7603
DRF13,OUT019,329.89728
NCW17,OUT049,2130.5017
FDP13,OUT035,696.1544
FDS08,OUT018,2506.1033
NCP17,OUT035,1061.2087
NCO53,OUT035,3077.7751
FDH19,OUT045,2808.8904
FDJ04,OUT017,1958.76
FDG10,OUT049,884.77954
FDA40,OUT010,253.44363
FDI53,OUT045,2526.613
FDU09,OUT010,82.6397
FDK60,OUT045,1501.5459
FDR43,OUT017,523.9498
FDW22,OUT017,3653.142
DRP47,OUT010,555.11475
DRG48,OUT010,363.99335
FDA14,OUT035,2423.461
FDU49,OUT013,1456.1481
FDK28,OUT045,4233.0703
FDT19,OUT046,2899.1536
NCQ42,OUT045,1920.7102
FDD03,OUT045,3850.2205
NCM53,OUT013,1773.0264
NCX53,OUT045,2169.2441
FDV14,OUT027,2399.61
NCZ54,OUT017,2667.357
FDB39,OUT013,761.40405
DRC24,OUT046,2499.5225
FDY36,OUT013,1139.0471
FDN01,OUT035,2923.6328
DRH25,OUT046,950.07385
FDV08,OUT046,725.6244
NCP53,OUT049,3918.8667
FDU52,OUT010,391.5354
NCI42,OUT045,3391.433
FDZ14,OUT035,2004.7731
FDF11,OUT046,3886.5469
FDQ13,OUT018,1191.0593
FDO32,OUT010,40.99786
DRJ37,OUT018,2227.3943
FDY43,OUT046,2744.442
NCT41,OUT017,2530.4258
NCV17,OUT045,2031.0505
FDM04,OUT027,1466.2501
DRB48,OUT018,547.7202
FDM24,OUT013,2707.836
FDT37,OUT049,4196.133
NCO05,OUT010,246.70801
FDL13,OUT046,3817.562
FDL15,OUT017,2535.6035
FDB11,OUT018,3448.2974
FDL14,OUT019,403.72754
FDY10,OUT019,253.26813
FDJ40,OUT049,1738.9835
NCW18,OUT046,3749.4546
NCY06,OUT013,2139.3472
DRE13,OUT018,1214.9001
FDA26,OUT045,3539.2417
NCE19,OUT010,64.00301
FDE33,OUT035,1350.3425
DRL59,OUT027,1471.2532
FDY07,OUT046,784.3374
FDF57,OUT018,2527.4526
FDM58,OUT035,1847.9492
FDP26,OUT027,2900.7146
FDY32,OUT046,2743.1826
FDD51,OUT010,74.88688
FDU22,OUT018,1682.6493
FDZ49,OUT018,3412.9338
NCI42,OUT017,3462.2827
FDT04,OUT027,1036.2479
NCU41,OUT045,3086.8604
FDS56,OUT045,4350.6123
NCN42,OUT017,2454.6667
FDK34,OUT046,3797.5076
FDB03,OUT017,3972.1584
DRJ25,OUT035,816.29626
FDT25,OUT027,3416.4756
FDN20,OUT013,2726.8198
FDP09,OUT013,3437.9204
FDM20,OUT019,645.6731
NCG55,OUT046,1990.8945
NCP14,OUT045,1579.8904
NCH06,OUT046,3939.6387
FDV52,OUT013,1950.4849
NCL07,OUT035,673.2733
DRJ11,OUT027,5130.19
DRO59,OUT013,1130.2759
FDW15,OUT010,395.47046
NCQ30,OUT035,1978.1792
NCN54,OUT019,181.74423
FDY01,OUT027,3153.4648
FDX39,OUT035,3623.5747
FDH53,OUT027,2306.4875
FDA57,OUT035,683.8513
NCC07,OUT010,345.17834
FDU28,OUT013,3099.9783
FDK36,OUT010,58.40884
FDR36,OUT018,608.272
NCQ17,OUT035,2556.9783
FDS28,OUT019,133.03363
FDE08,OUT045,2300.128
FDU22,OUT046,2011.29
FDG41,OUT045,1683.7095
FDO31,OUT010,196.58914
FDM21,OUT019,697.5553
FDU40,OUT017,3223.8516
FDV36,OUT018,1789.612
FDT10,OUT027,1581.8748
FDX38,OUT045,720.3658
NCU30,OUT027,4409.23
NCV06,OUT049,3284.708
FDT16,OUT035,4350.642
NCP41,OUT027,2985.981
FDZ56,OUT017,2774.5117
FDC22,OUT035,3198.9429
FDU10,OUT035,644.64355
FDS46,OUT045,1813.1405
FDO08,OUT049,2775.511
NCV42,OUT018,1549.5396
FDP33,OUT035,4133.2153
FDJ12,OUT046,3456.2588
FDH04,OUT045,1358.1196
NCU54,OUT013,3455.5884
FDO36,OUT010,439.86987
FDT37,OUT027,6328.0317
FDD14,OUT010,418.94397
FDA16,OUT013,3677.121
NCS42,OUT019,194.18213
FDP10,OUT019,195.7514
FDQ28,OUT049,2548.3362
FDK57,OUT010,336.15106
FDK02,OUT013,2006.3293
FDW47,OUT018,1695.958
NCC42,OUT018,2008.1436
FDQ37,OUT018,2936.7158
FDL40,OUT046,1713.7505
DRE13,OUT010,221.87091
FDQ34,OUT027,2776.8472
NCB54,OUT046,2210.8005
FDS48,OUT049,2514.5046
FDO15,OUT045,1079.6002
NCT30,OUT013,586.83026
FDU49,OUT027,2389.1848
FDE21,OUT046,2032.043
FDS49,OUT019,157.96075
FDT38,OUT027,2378.8008
FDZ01,OUT045,1551.8354
FDC41,OUT035,1279.5754
DRG13,OUT010,406.22443
NCZ42,OUT018,3664.3455
NCM07,OUT045,1282.3154
NCV17,OUT018,1877.648
DRK39,OUT035,1408.583
FDS37,OUT018,1600.342
FDV12,OUT019,221.67853
NCG19,OUT018,3707.3696
FDS51,OUT013,907.94653
NCO14,OUT046,730.4624
FDC38,OUT046,2292.649
FDN15,OUT046,2337.2085
NCH42,OUT013,3782.4253
FDQ22,OUT046,733.5537
FDC05,OUT013,3259.0725
FDZ31,OUT013,3182.782
DRJ23,OUT049,3273.6255
FDC52,OUT035,2504.6172
DRD12,OUT010,209.21149
FDV55,OUT017,2409.808
FDD32,OUT046,1446.9751
FDR01,OUT049,3463.6973
FDY08,OUT019,261.662
FDQ45,OUT045,2953.2832
DRN11,OUT027,3881.4155
NCS05,OUT018,1915.3567
FDY32,OUT035,2661.7046
NCD31,OUT045,2587.0122
NCE06,OUT049,2630.1448
NCP14,OUT046,1751.4266
NCF18,OUT019,441.45837
FDF14,OUT018,2157.2056
FDB22,OUT017,2539.2676
NCH54,OUT049,2652.1365
FDU27,OUT035,841.0051
FDS58,OUT027,4266.0728
NCU29,OUT035,2376.9294
FDJ57,OUT013,3132.2986
FDL56,OUT049,1312.9739
FDH60,OUT035,3337.6675
FDN24,OUT018,691.4216
FDD02,OUT017,1970.0137
FDP15,OUT017,4172.708
FDB28,OUT027,5305.865
DRC49,OUT045,2216.9487
NCG30,OUT018,1757.2021
FDJ14,OUT049,1221.7695
FDL52,OUT045,549.45905
NCG19,OUT027,5855.3564
NCN41,OUT035,2064.1523
FDW22,OUT013,3708.273
FDI02,OUT013,1889.6902
FDV51,OUT045,2603.874
FDV48,OUT046,1360.1428
NCL17,OUT019,291.94116
FDP46,OUT045,1284.4222
FDU10,OUT045,531.91675
FDT37,OUT010,610.54004
FDI27,OUT035,823.65875
FDN51,OUT046,4177.337
FDW07,OUT035,1464.0874
FDN45,OUT049,3639.0847
DRN37,OUT027,4462.912
DRF48,OUT049,3129.984
FDP38,OUT019,126.08337
NCX18,OUT027,5293.326
FDK45,OUT018,1610.1261
FDZ37,OUT049,1311.019
FDS50,OUT018,3464.402
NCR54,OUT018,2939.5376
NCS17,OUT035,1550.3888
FDV31,OUT046,2932.3232
DRE27,OUT017,1543.7897
FDN60,OUT013,2663.8801
FDK26,OUT013,3170.1443
FDX37,OUT018,1368.887
FDW31,OUT046,3252.053
FDX26,OUT018,2730.0334
DRL49,OUT019,308.8188
FDU49,OUT017,1426.6975
FDY58,OUT046,3658.0332
FDN03,OUT045,4080.8696
NCV06,OUT010,474.55554
FDH53,OUT045,1209.6245
FDG31,OUT018,882.1412
NCC06,OUT045,1979.5934
FDS13,OUT049,4425.7236
FDP16,OUT035,4086.7915
FDA35,OUT013,2118.4622
DRP47,OUT018,4009.3843
FDY28,OUT010,554.04395
FDY20,OUT035,1535.0515
NCH30,OUT017,1809.0159
NCR29,OUT019,130.52646
NCP05,OUT013,2455.3115
NCF30,OUT019,233.50867
FDA08,OUT035,2749.9368
FDN51,OUT027,6372.845
FDH12,OUT046,1876.4661
FDY39,OUT017,2967.7783
NCO53,OUT045,2945.471
FDB40,OUT046,2478.8135
FDH02,OUT049,1358.7117
FDY11,OUT027,1802.6921
FDQ09,OUT019,247.30444
FDP16,OUT013,4028.643
NCF55,OUT018,480.21375
FDY09,OUT027,4739.635
FDY39,OUT045,2873.8367
NCU53,OUT049,2686.8274
NCT41,OUT049,2534.7788
FDJ45,OUT046,714.55524
FDR28,OUT013,2754.2544
FDN08,OUT013,2050.7085
FDJ07,OUT049,1758.6775
FDZ09,OUT027,4379.6157
FDQ14,OUT017,2448.013
FDY12,OUT027,1350.733
FDK57,OUT046,2026.1462
FDD20,OUT049,1990.3965
FDS36,OUT018,1577.0562
FDI40,OUT049,1580.2109
FDJ40,OUT045,1698.5789
FDE08,OUT013,2423.0999
DRK01,OUT013,1543.5807
FDC58,OUT049,740.24133
FDE50,OUT046,3080.8674
FDX48,OUT035,2541.354
DRM35,OUT018,2597.123
FDG41,OUT013,1866.3074
FDB52,OUT046,4089.3123
FDV19,OUT045,2494.687
DRG48,OUT017,2356.1829
FDI26,OUT013,3059.3706
FDU11,OUT019,235.91779
FDF59,OUT019,273.33167
FDR07,OUT049,1524.7966
NCE06,OUT017,2620.0957
FDE10,OUT046,2231.4778
NCO55,OUT046,1856.2063
FDZ13,OUT013,694.08374
FDT50,OUT017,1619.8911
FDH12,OUT010,260.72656
FDD21,OUT045,1788.7616
NCM05,OUT013,4332.355
FDK04,OUT013,820.20416
FDN33,OUT017,1637.5765
NCM18,OUT010,118.67437
DRC25,OUT049,1265.3745
FDT47,OUT017,1551.7366
FDD45,OUT027,2632.3987
NCD07,OUT018,1606.6672
NCY54,OUT010,359.90918
FDL12,OUT049,913.64685
FDL02,OUT017,1717.0863
FDC60,OUT035,1539.5859
FDR37,OUT017,3016.3218
FDY16,OUT017,3094.9717
FDU26,OUT045,1852.3673
FDN24,OUT013,700.67365
FDH44,OUT013,2482.142
FDE23,OUT010,70.656334
FDW60,OUT017,2859.501
FDQ55,OUT049,1854.0646
FDV32,OUT027,1699.2522
FDV03,OUT010,399.51703
FDY14,OUT010,637.86084
NCL55,OUT027,6136.0874
DRF25,OUT017,583.1189
FDX03,OUT046,802.1416
FDF40,OUT045,4070.4937
FDX24,OUT010,339.13165
FDA25,OUT049,1616.5847
FDH21,OUT018,2301.1836
FDB47,OUT010,479.60034
FDT34,OUT019,176.46655
FDS39,OUT010,432.27106
NCU05,OUT046,1331.2269
FDE02,OUT049,1408.8477
FDL25,OUT035,1554.7935
FDC50,OUT049,1447.338
FDZ32,OUT049,1639.2264
FDV14,OUT045,1269.4355
FDR07,OUT045,1451.5013
FDB26,OUT049,842.19116
NCR50,OUT045,2383.112
FDP01,OUT018,2271.6067
FDH57,OUT045,1986.4309
FDM60,OUT027,1105.2903
FDA45,OUT017,2914.0278
FDU55,OUT017,4212.1265
FDH40,OUT035,1424.0815
FDG40,OUT019,78.707664
FDT12,OUT049,3929.5518
DRL59,OUT045,764.3845
FDT47,OUT018,1405.7361
FDI60,OUT017,1101.4651
DRF51,OUT027,1000.84753
NCK31,OUT049,811.5133
FDB08,OUT045,2461.8271
FDM44,OUT035,1682.0696
FDD46,OUT018,2200.1108
FDR27,OUT019,280.67535
FDV56,OUT010,386.97253
FDM02,OUT049,1321.3655
FDU45,OUT018,1602.5295
FDZ10,OUT017,2065.4321
NCK31,OUT010,70.66076
FDR27,OUT035,2261.502
FDF33,OUT013,1803.5852
FDJ36,OUT046,1851.2524
FDP33,OUT049,4083.708
FDG17,OUT046,4035.9788
FDG47,OUT027,6187.4043
NCW29,OUT046,2229.9126
DRH59,OUT017,1196.8943
FDR32,OUT017,3792.0168
FDP48,OUT035,3025.481
FDG17,OUT035,4107.893
DRJ59,OUT017,614.8311
FDY48,OUT027,2898.4702
FDB02,OUT046,2948.9749
FDN10,OUT019,261.8034
NCD55,OUT035,705.14026
FDX34,OUT013,2048.289
FDZ38,OUT045,2722.9429
DRF37,OUT049,4199.252
DRL47,OUT019,270.80066
FDL27,OUT035,1125.2446
NCP53,OUT035,3937.0967
FDT03,OUT019,463.26147
FDJ28,OUT035,3206.433
FDF40,OUT018,3948.1514
FDA32,OUT035,3662.3418
NCP02,OUT017,951.05774
FDZ31,OUT045,3146.0354
NCQ29,OUT013,4275.388
FDP57,OUT010,304.2331
FDL32,OUT027,3069.2068
DRB01,OUT035,3187.6204
FDJ40,OUT046,1957.8578
FDO24,OUT018,2299.0515
FDO11,OUT018,3867.2827
FDA56,OUT035,1985.8048
FDF02,OUT045,1593.6211
FDA10,OUT013,1958.0013
NCI55,OUT017,2004.9546
FDZ40,OUT010,78.21395
FDV08,OUT049,683.9001
FDN48,OUT013,1463.1771
FDU57,OUT017,2481.337
DRF49,OUT013,1891.9
FDS02,OUT035,3280.551
FDS43,OUT046,3052.5884
FDT16,OUT013,4296.5205
FDX19,OUT027,5941.251
FDK15,OUT046,1687.4478
DRA12,OUT049,2274.727
FDY35,OUT017,740.6387
NCU42,OUT013,2835.6426
FDD26,OUT013,3135.3115
FDR11,OUT018,2343.269
NCP53,OUT045,3911.5464
FDP34,OUT045,2431.5942
NCV41,OUT019,251.67218
FDN20,OUT018,2461.6223
FDZ16,OUT018,2914.1323
FDZ28,OUT049,2099.2275
NCL55,OUT013,4103.802
NCJ17,OUT046,1400.5712
FDT37,OUT046,4130.5347
FDV51,OUT049,2835.1008
FDZ28,OUT035,2171.435
FDN27,OUT013,1913.5144
FDS14,OUT019,330.0774
FDZ58,OUT045,1878.153
FDD46,OUT046,2549.2053
FDJ03,OUT035,852.09625
FDU03,OUT010,457.5498
FDA33,OUT027,3994.6924
NCW53,OUT035,3229.312
NCC55,OUT017,561.1727
FDP52,OUT019,589.959
FDE39,OUT049,1884.5002
FDB44,OUT035,3529.5671
FDG59,OUT013,582.25244
FDI05,OUT013,1136.095
FDF59,OUT045,1967.9164
FDM39,OUT019,411.07056
FDB14,OUT013,1485.6403
NCS05,OUT019,299.7572
DRJ35,OUT045,943.3706
FDO31,OUT019,205.01459
FDA31,OUT046,2881.1958
FDX40,OUT049,667.02985
FDW56,OUT045,3056.58
FDH09,OUT018,648.5148
FDA52,OUT019,376.5774
FDF20,OUT019,475.19177
FDE40,OUT046,1054.1228
NCU17,OUT046,1684.5259
NCP14,OUT035,1735.7606
FDN25,OUT027,1555.1392
FDU39,OUT049,945.52765
NCM05,OUT017,4298.0425
FDU07,OUT017,2450.197
FDF28,OUT049,2054.4392
FDR57,OUT049,2580.5938
FDJ33,OUT013,2123.053
DRH23,OUT035,951.98083
FDQ52,OUT046,3963.252
DRK13,OUT035,3285.0757
FDP09,OUT046,3323.5813
FDR08,OUT027,3041.6985
FDV50,OUT045,1869.2343
FDT13,OUT049,3265.59
FDJ27,OUT027,2716.0176
FDH21,OUT046,2576.8687
FDW14,OUT027,2447.7751
FDL52,OUT049,658.0774
FDW28,OUT017,3284.5647
FDL40,OUT049,1521.3413
FDE24,OUT046,2427.1562
FDX35,OUT049,3984.6758
FDP46,OUT017,1434.4486
FDX56,OUT045,3387.2932
FDQ45,OUT049,3117.3433
FDK50,OUT027,4412.357
FDY26,OUT045,3495.0103
FDQ09,OUT017,1825.417
FDN39,OUT049,2887.3325
FDP13,OUT017,646.87823
FDR51,OUT013,2554.3345
FDZ49,OUT010,499.00635
FDL28,OUT018,3555.1372
FDZ10,OUT035,2104.4636
FDK38,OUT013,2574.0337
DRL49,OUT027,3833.5552
FDR15,OUT013,2600.775
FDQ24,OUT035,4184.378
FDD56,OUT013,2940.6338
NCR42,OUT046,630.21594
FDH52,OUT045,989.4126
FDH57,OUT019,283.16418
FDR15,OUT010,501.77118
FDJ34,OUT035,2111.3037
FDW37,OUT035,1514.0504
FDQ23,OUT018,1414.863
FDP34,OUT013,2593.3228
FDE04,OUT027,4915.098
FDC48,OUT045,1205.2734
FDA47,OUT019,351.56567
FDI35,OUT018,2670.4385
NCV05,OUT013,2619.03
FDR28,OUT045,2554.3423
FDH31,OUT017,1606.2721
FDP59,OUT019,238.3761
FDS19,OUT018,1075.9316
FDM60,OUT045,621.15857
FDJ44,OUT018,2559.1223
DRH51,OUT017,1414.8937
DRC25,OUT017,1410.7738
DRE25,OUT013,1465.9658
NCX05,OUT049,1809.1932
FDR11,OUT017,2590.458
DRP47,OUT045,4063.7856
DRC49,OUT019,307.69995
FDQ47,OUT027,970.9827
FDL20,OUT013,1833.6294
FDM34,OUT035,2190.7915
NCN55,OUT013,3900.0874
FDD41,OUT035,1730.1082
FDE52,OUT049,1380.8071
NCT18,OUT019,413.85767
FDJ32,OUT018,786.7855
FDE16,OUT046,3446.859
FDZ09,OUT045,2563.401
DRZ11,OUT046,2071.0325
FDK41,OUT049,1314.0459
FDE56,OUT049,943.5007
FDH34,OUT013,3086.3076
DRI49,OUT013,1232.1877
DRI59,OUT046,3645.361
DRC36,OUT049,2910.1714
FDS15,OUT019,238.96826
FDI07,OUT018,2936.5786
FDZ15,OUT018,1648.7991
NCX41,OUT027,5579.721
NCO29,OUT019,379.3888
FDF57,OUT013,2820.427
FDI33,OUT035,1503.8508
DRJ47,OUT049,2933.4175
FDB34,OUT046,1473.6565
FDY22,OUT027,3788.234
DRL11,OUT017,2585.861
FDY46,OUT035,3182.1042
FDG17,OUT013,4066.517
FDE52,OUT018,1255.5413
DRP47,OUT027,6117.717
FDO01,OUT010,443.654
FDL09,OUT046,2748.4182
FDR57,OUT013,2684.8516
DRD37,OUT035,814.9807
FDQ36,OUT027,1039.8213
FDL33,OUT049,3289.6802
FDL48,OUT045,725.9619
FDL28,OUT049,3945.4302
NCN29,OUT046,840.73376
FDO13,OUT035,2720.6104
FDB38,OUT045,2577.1648
FDI36,OUT035,3322.623
FDI58,OUT035,1560.0718
FDH22,OUT018,1829.0381
FDQ27,OUT013,1787.0754
FDT33,OUT046,2742.6182
FDC56,OUT045,1809.6667
FDF14,OUT046,2708.072
FDQ39,OUT017,3196.9907
NCM43,OUT017,2719.503
FDS46,OUT035,2030.3611
FDI22,OUT049,3477.43
NCE43,OUT045,2686.3474
FDZ36,OUT010,479.91406
FDR13,OUT019,275.79517
FDP46,OUT018,1253.6929
FDW56,OUT019,445.0608
FDB40,OUT017,2420.4412
FDM28,OUT018,2631.8335
FDV49,OUT013,4363.9395
NCS53,OUT018,2286.8638
FDO03,OUT049,3845.0593
FDT15,OUT035,3076.4216
FDD33,OUT049,3833.822
FDX13,OUT017,4104.858
FDH60,OUT013,3269.7192
DRH51,OUT046,1525.55
NCL07,OUT049,748.6012
FDW51,OUT045,3463.917
FDF21,OUT019,460.2605
FDH26,OUT019,322.1953
FDJ03,OUT049,809.4761
FDU35,OUT017,1554.19
DRL01,OUT018,3641.583
FDE59,OUT045,551.979
FDI60,OUT035,1146.6622
DRH39,OUT035,1261.757
FDK36,OUT049,768.4203
FDN52,OUT045,1318.0797
FDU12,OUT017,4332.62
NCT05,OUT027,6255.5103
FDS37,OUT027,3255.5312
FDK24,OUT017,728.43915
DRF36,OUT013,3119.7346
FDN46,OUT010,239.23389
NCN06,OUT045,2515.0369
FDD59,OUT035,1387.7908
FDM14,OUT045,1641.886
FDO10,OUT018,737.4595
FDU35,OUT013,1657.9426
NCA30,OUT018,2832.1904
NCO41,OUT049,1498.8726
FDI24,OUT046,2942.7812
FDZ16,OUT046,3121.8499
FDV47,OUT046,1474.4723
FDV16,OUT045,509.63397
FDZ22,OUT035,1392.5981
FDO20,OUT010,577.94446
FDW38,OUT013,774.6704
FDW52,OUT045,2594.1333
FDT43,OUT019,133.05518
NCS29,OUT045,4309.4263
NCC31,OUT017,2519.811
FDA21,OUT017,3071.6953
FDQ55,OUT046,2074.647
NCE54,OUT049,1189.3291
FDD45,OUT017,1510.194
NCP17,OUT017,1055.6812
FDR47,OUT035,3255.8865
DRM35,OUT013,2959.5447
FDR47,OUT019,391.62366
FDX19,OUT010,540.41003
FDV22,OUT027,4200.7197
FDQ46,OUT027,2965.4546
DRO47,OUT045,1751.8157
FDB44,OUT010,505.36316
FDN02,OUT010,481.14148
FDW10,OUT045,2794.2327
FDJ41,OUT019,758.3479
FDM50,OUT046,1001.6116
FDW10,OUT035,2973.9626
FDY48,OUT049,1591.2155
NCE30,OUT027,5556.7163
FDO04,OUT045,825.6526
FDQ26,OUT010,120.97884
NCX29,OUT018,2100.3884
FDE39,OUT046,2069.801
NCR54,OUT027,5219.0273
NCP55,OUT027,1565.7566
FDX22,OUT017,3511.5103
FDI05,OUT035,1335.0024
FDC51,OUT027,3454.5417
FDC10,OUT013,2001.672
FDJ46,OUT045,2750.9092
FDV10,OUT010,48.48367
FDX12,OUT027,6237.404
FDL43,OUT019,185.38986
DRB13,OUT046,3100.9048
FDF59,OUT027,3423.1533
FDT35,OUT049,2878.1484
NCJ19,OUT035,981.69086
FDT35,OUT018,2510.661
FDI48,OUT046,849.59515
DRC24,OUT019,354.8321
NCZ05,OUT017,1642.1257
FDJ57,OUT049,3105.425
FDX11,OUT017,3043.7275
FDE09,OUT035,1837.5806
NCK06,OUT049,1851.1765
DRE37,OUT017,3145.8413
FDV56,OUT046,1911.6084
FDY43,OUT017,2748.2842
FDV35,OUT013,2526.0068
FDF05,OUT019,743.11414
FDA36,OUT035,3031.3267
FDS13,OUT027,6345.2695
FDU47,OUT013,2420.44
FDI36,OUT010,477.18127
FDH48,OUT046,1518.4344
FDZ14,OUT013,2154.9656
FDS46,OUT013,2009.0437
FDE21,OUT017,1913.471
FDA26,OUT049,3820.4265
FDV12,OUT046,1804.3619
FDL46,OUT019,253.85028
FDN57,OUT013,2325.3936
NCJ18,OUT017,1896.8906
FDO36,OUT045,2897.7036
FDX55,OUT018,3306.2651
FDT25,OUT019,239.0282
FDD16,OUT049,1164.7395
NCX18,OUT013,3230.8108
NCG55,OUT018,1592.7986
NCV18,OUT049,1227.0876
NCS18,OUT035,1786.0763
FDC37,OUT045,1623.3073
FDE47,OUT046,2079.7659
DRG49,OUT019,654.8657
FDC39,OUT049,3599.7246
FDH24,OUT019,364.14905
FDV39,OUT027,5331.2104
NCL17,OUT045,2175.6797
NCY53,OUT035,1896.9177
FDH52,OUT013,922.3842
NCD19,OUT018,697.2882
FDI44,OUT046,1313.4027
DRD49,OUT027,5799.542
FDN08,OUT035,1990.2509
FDO20,OUT027,6175.0947
FDY02,OUT046,4282.136
FDX23,OUT045,1380.544
FDX01,OUT017,1869.3038
FDH20,OUT027,2683.2625
NCX41,OUT017,3518.9604
FDD21,OUT027,3168.0024
DRH11,OUT019,116.77355
DRE60,OUT018,3446.2349
FDB10,OUT013,3883.54
FDH38,OUT013,2137.742
NCL07,OUT018,509.57623
FDD48,OUT046,2020.4304
NCT54,OUT027,2538.293
FDF32,OUT027,5337.213
DRH51,OUT045,1290.5121
DRG03,OUT035,2563.1023
NCY42,OUT019,321.25995
FDH32,OUT017,1530.897
NCJ06,OUT027,3295.103
FDH47,OUT027,2564.2014
FDZ08,OUT018,1172.3499
FDK16,OUT017,1516.3314
DRG01,OUT018,1038.0243
NCM53,OUT027,2886.394
NCB07,OUT035,3338.802
NCZ06,OUT035,4145.8555
FDU48,OUT049,2170.3
NCB55,OUT027,1574.4354
FDP15,OUT013,4209.476
FDF17,OUT046,3256.3716
NCN06,OUT049,2706.266
DRM48,OUT018,511.91638
FDH10,OUT046,3097.3013
FDC60,OUT018,1268.862
FDE35,OUT018,786.8248
DRI23,OUT013,2643.3145
NCR38,OUT013,4095.165
FDP04,OUT035,1074.6387
NCW17,OUT045,1994.0627
FDX34,OUT017,1966.5143
NCK53,OUT045,1471.6001
NCO54,OUT010,141.51195
NCH55,OUT046,2189.2886
FDT44,OUT027,3192.6094
DRG49,OUT046,3907.9302
FDX46,OUT010,107.61144
DRG36,OUT049,2842.176
FDU37,OUT049,1243.6317
FDK10,OUT049,3016.5603
DRF37,OUT027,6165.802
FDC44,OUT035,1872.1255
FDP15,OUT046,4094.795
FDZ27,OUT027,1388.3542
FDY22,OUT019,281.44244
DRG51,OUT035,2744.1555
FDN58,OUT045,3838.2737
FDW01,OUT049,2575.0889
FDX24,OUT018,1298.5625
FDO51,OUT017,669.968
FDJ52,OUT027,4412.6895
NCY06,OUT010,335.6015
FDE20,OUT018,2459.725
FDT23,OUT010,178.4273
FDQ51,OUT046,880.95825
FDE35,OUT046,996.0791
FDB46,OUT013,3579.7766
NCG19,OUT035,3855.1104
NCL06,OUT018,4124.199
FDT36,OUT019,106.70284
FDC56,OUT049,1873.3138
FDJ26,OUT049,3658.2896
FDZ59,OUT017,2725.5269
FDV11,OUT027,4795.411
FDR13,OUT010,363.7752
FDI15,OUT018,4210.03
FDF47,OUT018,3482.3599
NCB54,OUT019,276.22577
NCK19,OUT027,5142.298
FDX16,OUT017,2502.6304
FDL50,OUT045,1938.7721
NCE31,OUT035,580.1983
DRJ01,OUT049,2611.4727
FDE22,OUT013,2667.2156
FDY20,OUT019,200.17474
NCO14,OUT045,643.70636
NCR50,OUT017,2518.284
DRM47,OUT017,3144.517
FDO27,OUT010,201.5304
FDJ20,OUT027,3387.4028
NCX17,OUT013,3770.9248
FDG59,OUT049,709.7101
FDD52,OUT045,1674.5143
FDO48,OUT017,3694.6548
FDC59,OUT019,173.3931
FDS15,OUT018,1553.2266
FDB47,OUT035,3535.3613
FDV14,OUT019,191.32129
FDB27,OUT013,3245.9617
FDA35,OUT035,2075.6626
FDN51,OUT018,4177.8623
FDO39,OUT019,401.42114
FDB28,OUT049,3381.962
DRJ25,OUT046,848.8491
FDH46,OUT027,2723.4639
FDI10,OUT045,2715.6187
FDU21,OUT018,474.4655
FDD09,OUT049,3064.2878
FDD10,OUT046,2892.21
FDN31,OUT010,441.0321
FDA46,OUT018,2937.8594
FDM56,OUT046,1890.6344
FDF11,OUT010,607.963
FDS32,OUT018,2045.3416
NCM06,OUT013,2570.6494
FDZ26,OUT045,3950.0493
FDO01,OUT013,2183.2979
FDJ46,OUT049,2915.795
FDG26,OUT019,703.6492
FDZ38,OUT035,2916.0488
NCO55,OUT013,1713.7102
FDT60,OUT035,2048.717
FDW37,OUT049,1421.7501
NCK42,OUT018,3219.8206
FDA45,OUT046,2790.7896
FDW55,OUT018,3950.787
FDY44,OUT017,3278.3633
FDQ31,OUT017,1426.1904
FDM09,OUT049,2842.5505
FDH12,OUT018,1472.4528
NCQ43,OUT035,1833.6143
FDT33,OUT035,2766.053
NCT41,OUT018,2182.791
DRJ25,OUT010,58.350613
NCQ41,OUT046,3167.4084
NCN17,OUT049,1546.5769
DRO35,OUT027,3233.872
FDU27,OUT018,639.04535
FDY43,OUT027,4615.458
FDG46,OUT035,1940.0568
DRL49,OUT018,2089.543
NCB55,OUT049,899.5283
FDK28,OUT049,4345.3486
FDO49,OUT045,753.13354
FDT03,OUT013,2954.1006
FDW33,OUT027,2814.3848
FDR02,OUT035,1836.0132
FDF50,OUT013,3329.9377
FDA40,OUT018,1261.5563
NCT53,OUT018,2367.8208
FDY60,OUT035,2345.4043
FDP44,OUT027,2816.517
NCQ50,OUT045,3516.2202
NCC30,OUT017,2944.7976
FDQ60,OUT018,1712.1611
FDG41,OUT046,1901.6406
FDQ03,OUT046,3814.72
FDM03,OUT045,1622.1395
FDZ51,OUT018,1336.7366
DRF51,OUT035,642.132
FDF39,OUT017,4299.0703
FDW52,OUT035,2759.2036
FDY22,OUT049,2417.0408
FDG14,OUT013,2593.0693
FDA57,OUT017,610.9458
FDL45,OUT019,283.48553
FDX28,OUT046,1644.9252
NCQ54,OUT013,2783.5103
FDH40,OUT045,1232.7651
FDU52,OUT035,2559.8118
FDT60,OUT010,304.8401
FDK08,OUT045,1521.7139
FDN04,OUT049,3047.2292
FDE50,OUT013,3109.0015
FDI16,OUT049,824.6177
FDM50,OUT049,919.39307
NCV30,OUT049,973.51306
FDT44,OUT013,1926.0637
FDY60,OUT013,2545.7158
FDT56,OUT017,980.9895
FDV58,OUT018,2951.0522
FDU04,OUT013,2196.5837
NCN05,OUT027,5009.8315
FDI53,OUT018,2357.7078
FDD34,OUT046,2687.2117
FDW47,OUT027,3445.2317
FDT51,OUT027,3047.621
FDO27,OUT013,1574.5868
NCQ18,OUT018,1428.9237
NCW05,OUT013,1766.3221
FDI15,OUT010,592.56177
NCH43,OUT010,494.6549
FDT40,OUT049,1955.6531
NCG19,OUT017,3802.1216
NCM30,OUT035,673.3815
FDB38,OUT017,2637.2192
FDB22,OUT046,2523.9507
FDC58,OUT046,753.98145
NCI29,OUT013,2391.2974
FDA23,OUT010,286.48645
DRG48,OUT013,2434.8699
FDV21,OUT013,2068.0854
NCG18,OUT019,232.98474
FDG40,OUT045,512.43604
FDU24,OUT018,1359.1276
FDA22,OUT049,2714.252
FDY35,OUT046,839.24554
FDJ15,OUT045,2921.91
NCW18,OUT018,3689.0732
FDK56,OUT018,2776.9824
FDF44,OUT046,2304.1865
FDP51,OUT049,1894.8389
FDU22,OUT027,3134.142
FDM28,OUT017,2946.4404
NCL42,OUT046,3860.3
FDJ15,OUT019,457.38342
FDI32,OUT018,1562.9946
DRL11,OUT046,2635.1025
DRO59,OUT018,1040.0581
FDA07,OUT019,292.1081
NCO53,OUT013,2968.9722
FDO21,OUT045,3699.981
FDW39,OUT045,2808.1501
NCV17,OUT013,2152.1328
FDE22,OUT046,2559.9966
NCB06,OUT018,2327.7795
DRF48,OUT017,3014.2441
FDB05,OUT013,4113.087
FDP28,OUT027,6333.8936
FDP23,OUT046,3637.1409
NCS41,OUT018,2681.8945
FDS40,OUT018,501.63654
FDA16,OUT017,3616.3823
FDN20,OUT035,2794.79
FDF04,OUT027,6348.0117
DRG36,OUT018,2494.2627
FDW16,OUT018,1314.742
FDU09,OUT017,875.8334
FDW01,OUT046,2565.414
FDB15,OUT045,4325.0566
NCJ17,OUT049,1276.1971
NCT18,OUT018,2709.105
FDG16,OUT018,3266.5996
FDP27,OUT017,3144.8728
FDQ44,OUT027,3331.1318
FDL50,OUT027,3459.067
FDW57,OUT027,4736.4316
FDS34,OUT013,1883.9712
NCV30,OUT035,1031.7488
FDD26,OUT018,2718.8438
FDA03,OUT045,2295.5964
FDS27,OUT018,2915.5542
FDM12,OUT013,3140.4224
NCV42,OUT027,3019.6875
NCS41,OUT046,2998.1226
FDN56,OUT018,2050.742
DRK59,OUT046,3779.7542
NCG18,OUT046,1812.9341
NCN26,OUT017,1890.8157
FDI60,OUT027,1763.1517
NCI43,OUT049,857.30365
NCL17,OUT049,2294.5154
FDQ19,OUT019,743.05347
FDY43,OUT049,2803.886
FDR36,OUT049,689.0572
FDJ58,OUT049,2888.3396
DRY23,OUT045,639.2517
FDK26,OUT027,5113.868
DRH03,OUT045,1415.8745
FDC10,OUT010,316.49078
FDD23,OUT013,3101.4937
FDP32,OUT045,1920.3641
FDO31,OUT035,1399.5413
FDQ57,OUT013,2437.2148
FDX32,OUT027,3883.9365
FDC39,OUT027,5470.0854
FDU55,OUT046,4178.559
FDL45,OUT013,2032.6558
DRK37,OUT049,3139.376
FDK22,OUT013,3549.7666
DRG37,OUT027,4194.7104
FDK22,OUT017,3542.0264
DRH36,OUT018,984.5314
DRC36,OUT018,2581.1282
DRE03,OUT027,1285.9177
FDF34,OUT046,3203.833
FDZ22,OUT046,1373.1174
FDC44,OUT010,261.78436
FDN31,OUT027,5075.3315
FDO03,OUT017,3800.7258
FDA01,OUT049,940.38715
NCH42,OUT049,3918.75
FDF46,OUT018,1650.0723
DRL35,OUT046,772.038
FDW46,OUT049,977.767
FDB58,OUT046,2382.409
FDD47,OUT018,2499.9194
NCO17,OUT045,1808.7451
FDJ26,OUT017,3582.1023
FDU37,OUT045,1237.0499
